,Recipe,Ingredient
0,"Basil, Roasted Peppers and Monterey Jack Cornbread",butter
1,"Basil, Roasted Peppers and Monterey Jack Cornbread",onion
2,"Basil, Roasted Peppers and Monterey Jack Cornbread",corn
3,"Basil, Roasted Peppers and Monterey Jack Cornbread",flour
4,"Basil, Roasted Peppers and Monterey Jack Cornbread",sugar
5,"Basil, Roasted Peppers and Monterey Jack Cornbread",salt
6,"Basil, Roasted Peppers and Monterey Jack Cornbread",buttermilk
7,"Basil, Roasted Peppers and Monterey Jack Cornbread",egg
8,"Basil, Roasted Peppers and Monterey Jack Cornbread",cheese
9,"Basil, Roasted Peppers and Monterey Jack Cornbread",corn
10,"Basil, Roasted Peppers and Monterey Jack Cornbread",bell pepper
11,"Basil, Roasted Peppers and Monterey Jack Cornbread",basil
12,Crispy Cheese Twists,cheese
13,Crispy Cheese Twists,pepper
14,Crispy Cheese Twists,garlic
15,Crispy Cheese Twists,egg
16,Mom's Yeast Rolls,water
17,Mom's Yeast Rolls,margarine
18,Mom's Yeast Rolls,sugar
19,Mom's Yeast Rolls,salt
20,Mom's Yeast Rolls,water
21,Mom's Yeast Rolls,yeast
22,Mom's Yeast Rolls,flour
23,Mom's Yeast Rolls,egg
24,Sweet Potato Bread I,sugar
25,Sweet Potato Bread I,vegetable
26,Sweet Potato Bread I,egg
27,Sweet Potato Bread I,flour
28,Sweet Potato Bread I,salt
29,Sweet Potato Bread I,cinnamon
30,Sweet Potato Bread I,nutmeg
31,Sweet Potato Bread I,water
32,Sweet Potato Bread I,sweet potato
33,Sweet Potato Bread I,pecan
34,Orange Buns,butter
35,Orange Buns,sugar
36,Orange Buns,milk
37,Orange Buns,yeast
38,Orange Buns,flour
39,Orange Buns,sugar
40,Orange Buns,egg
41,Orange Buns,orange
42,Orange Buns,orange
43,Orange Buns,salt
44,Cornish Splits,yeast
45,Cornish Splits,milk
46,Cornish Splits,sugar
47,Cornish Splits,flour
48,Cornish Splits,salt
49,Cornish Splits,butter
50,Jalapeno Cheese Bread,flour
51,Jalapeno Cheese Bread,cheese
52,Jalapeno Cheese Bread,pepper
53,Jalapeno Cheese Bread,sugar
54,Jalapeno Cheese Bread,salt
55,Jalapeno Cheese Bread,water
56,Jalapeno Cheese Bread,yeast
57,Jalapeno Cheese Bread,vegetable
58,Dee's Health Bread,yeast
59,Dee's Health Bread,sugar
60,Dee's Health Bread,water
61,Dee's Health Bread,water
62,Dee's Health Bread,honey
63,Dee's Health Bread,vegetable
64,Dee's Health Bread,egg
65,Dee's Health Bread,lemon
66,Dee's Health Bread,flour
67,Dee's Health Bread,rack
68,Dee's Health Bread,sunflower seed
69,Dee's Health Bread,salt
70,Dee's Health Bread,flour
71,Oatmeal Bread I,oat
72,Oatmeal Bread I,vegetable
73,Oatmeal Bread I,salt
74,Oatmeal Bread I,water
75,Oatmeal Bread I,yeast
76,Oatmeal Bread I,water
77,Oatmeal Bread I,flour
78,Oatmeal Bread I,flour
79,Oatmeal Bread I,egg
80,Strawberry Bread I,flour
81,Strawberry Bread I,sugar
82,Strawberry Bread I,cinnamon
83,Strawberry Bread I,salt
84,Strawberry Bread I,egg
85,Strawberry Bread I,vegetable
86,Strawberry Bread I,pecan
87,Strawberry Bread I,berries
88,Sun Dried Tomato and Asiago Cheese Bread,water
89,Sun Dried Tomato and Asiago Cheese Bread,olive oil
90,Sun Dried Tomato and Asiago Cheese Bread,lemon
91,Sun Dried Tomato and Asiago Cheese Bread,sugar
92,Sun Dried Tomato and Asiago Cheese Bread,milk
93,Sun Dried Tomato and Asiago Cheese Bread,salt
94,Sun Dried Tomato and Asiago Cheese Bread,flour
95,Sun Dried Tomato and Asiago Cheese Bread,flour
96,Sun Dried Tomato and Asiago Cheese Bread,tomato
97,Sun Dried Tomato and Asiago Cheese Bread,cheese
98,Sun Dried Tomato and Asiago Cheese Bread,basil
99,Sun Dried Tomato and Asiago Cheese Bread,pepper
100,Sun Dried Tomato and Asiago Cheese Bread,yeast
101,Hawaiian Sweet Bread,water
102,Hawaiian Sweet Bread,sugar
103,Hawaiian Sweet Bread,flour
104,Hawaiian Sweet Bread,salt
105,Hawaiian Sweet Bread,milk
106,Hawaiian Sweet Bread,potato
107,Hawaiian Sweet Bread,yeast
108,Hawaiian Sweet Bread,lemon
109,Hawaiian Sweet Bread,egg
110,Hawaiian Sweet Bread,margarine
111,The Best Corn Bread You'll Ever Eat,egg
112,The Best Corn Bread You'll Ever Eat,milk
113,The Best Corn Bread You'll Ever Eat,vegetable
114,The Best Corn Bread You'll Ever Eat,corn
115,The Best Corn Bread You'll Ever Eat,corn
116,No Knead Refrigerator Rolls,yeast
117,No Knead Refrigerator Rolls,water
118,No Knead Refrigerator Rolls,sugar
119,No Knead Refrigerator Rolls,salt
120,No Knead Refrigerator Rolls,flour
121,No Knead Refrigerator Rolls,egg
122,Sourdough Starter I,potato
123,Sourdough Starter I,sugar
124,Sourdough Starter I,water
125,Sourdough Starter I,yeast
126,Sourdough Bread I,water
127,Sourdough Bread I,salt
128,Sourdough Bread I,sugar
129,Sourdough Bread I,corn
130,Sourdough Bread I,flour
131,Dilly Bread,yeast
132,Dilly Bread,water
133,Dilly Bread,sugar
134,Dilly Bread,cheese
135,Dilly Bread,margarine
136,Dilly Bread,sugar
137,Dilly Bread,dill
138,Dilly Bread,mince
139,Dilly Bread,salt
140,Dilly Bread,egg
141,Dilly Bread,flour
142,Dilly Bread,margarine
143,Dilly Bread,salt
144,Pumpkin Bread I,flour
145,Pumpkin Bread I,salt
146,Pumpkin Bread I,sugar
147,Pumpkin Bread I,cinnamon
148,Pumpkin Bread I,pumpkin
149,Pumpkin Bread I,apple
150,Pumpkin Bread I,egg
151,Pumpkin Bread I,pumpkin
152,Pumpkin Bread I,water
153,Pumpkin Bread I,walnut
154,Sy's Challah,sugar
155,Sy's Challah,salt
156,Sy's Challah,vegetable
157,Sy's Challah,water
158,Sy's Challah,yeast
159,Sy's Challah,egg
160,Sy's Challah,flour
161,Sy's Challah,egg
162,Onion Bread I,yeast
163,Onion Bread I,water
164,Onion Bread I,milk
165,Onion Bread I,sugar
166,Onion Bread I,salt
167,Onion Bread I,margarine
168,Onion Bread I,flour
169,Onion Bread I,onion
170,Grandma VanDoren's White Bread,water
171,Grandma VanDoren's White Bread,yeast
172,Grandma VanDoren's White Bread,salt
173,Grandma VanDoren's White Bread,vegetable
174,Grandma VanDoren's White Bread,sugar
175,Grandma VanDoren's White Bread,flour
176,Italian Bread I,tomato
177,Italian Bread I,flour
178,Italian Bread I,sugar
179,Italian Bread I,salt
180,Italian Bread I,rosemary
181,Italian Bread I,parsley
182,Italian Bread I,cheese
183,Italian Bread I,onion
184,Italian Bread I,egg
185,Italian Bread I,buttermilk
186,Italian Bread I,olive oil
187,Italian Bread I,garlic
188,Sunday Dinner Rolls,yeast
189,Sunday Dinner Rolls,water
190,Sunday Dinner Rolls,sugar
191,Sunday Dinner Rolls,sugar
192,Sunday Dinner Rolls,egg
193,Sunday Dinner Rolls,water
194,Sunday Dinner Rolls,vegetable
195,Sunday Dinner Rolls,salt
196,Sunday Dinner Rolls,flour
197,Banana Wheat Bread,flour
198,Banana Wheat Bread,salt
199,Banana Wheat Bread,banana
200,Banana Wheat Bread,vegetable
201,Banana Wheat Bread,honey
202,Banana Wheat Bread,egg
203,Banana Wheat Bread,pecan
204,Banana Bread,flour
205,Banana Bread,salt
206,Banana Bread,sugar
207,Banana Bread,egg
208,Banana Bread,butter
209,Banana Bread,banana
210,Candied Fruit Bread,flour
211,Candied Fruit Bread,salt
212,Candied Fruit Bread,cinnamon
213,Candied Fruit Bread,sugar
214,Candied Fruit Bread,citron
215,Candied Fruit Bread,chop
216,Candied Fruit Bread,lemon
217,Candied Fruit Bread,almond
218,Candied Fruit Bread,pecan
219,Candied Fruit Bread,milk
220,Candied Fruit Bread,egg
221,Candied Fruit Bread,butter
222,Nut and Fruit Bread,flour
223,Nut and Fruit Bread,salt
224,Nut and Fruit Bread,sugar
225,Nut and Fruit Bread,walnut
226,Nut and Fruit Bread,raisin
227,Nut and Fruit Bread,orange
228,Nut and Fruit Bread,egg
229,Nut and Fruit Bread,milk
230,Nut and Fruit Bread,butter
231,Mother's Banana Bread,flour
232,Mother's Banana Bread,salt
233,Mother's Banana Bread,sugar
234,Mother's Banana Bread,butter
235,Mother's Banana Bread,egg
236,Mother's Banana Bread,banana
237,Mother's Banana Bread,walnut
238,Pumpernickel Bread I,milk
239,Pumpernickel Bread I,vegetable
240,Pumpernickel Bread I,flour
241,Pumpernickel Bread I,flour
242,Pumpernickel Bread I,corn
243,Pumpernickel Bread I,salt
244,Pumpernickel Bread I,yeast
245,Buttermilk Bread I,buttermilk
246,Buttermilk Bread I,margarine
247,Buttermilk Bread I,sugar
248,Buttermilk Bread I,salt
249,Buttermilk Bread I,flour
250,Buttermilk Bread I,flour
251,Buttermilk Bread I,yeast
252,Sun Dried Tomato Focaccia,water
253,Sun Dried Tomato Focaccia,flour
254,Sun Dried Tomato Focaccia,milk
255,Sun Dried Tomato Focaccia,sugar
256,Sun Dried Tomato Focaccia,salt
257,Sun Dried Tomato Focaccia,margarine
258,Sun Dried Tomato Focaccia,yeast
259,Sun Dried Tomato Focaccia,tomato
260,Sun Dried Tomato Focaccia,olive oil
261,Sun Dried Tomato Focaccia,cheese
262,Sun Dried Tomato Focaccia,rosemary
263,Sun Dried Tomato Focaccia,garlic
264,Sun Dried Tomato Focaccia,mozzarella
265,Michell Jenny's Challah,water
266,Michell Jenny's Challah,salt
267,Michell Jenny's Challah,honey
268,Michell Jenny's Challah,egg
269,Michell Jenny's Challah,butter
270,Michell Jenny's Challah,flour
271,Michell Jenny's Challah,yeast
272,Potato Bread I,water
273,Potato Bread I,potato
274,Potato Bread I,egg
275,Potato Bread I,margarine
276,Potato Bread I,sugar
277,Potato Bread I,milk
278,Potato Bread I,salt
279,Potato Bread I,flour
280,Potato Bread I,yeast
281,Delicious Pumpkin Bread,flour
282,Delicious Pumpkin Bread,sugar
283,Delicious Pumpkin Bread,salt
284,Delicious Pumpkin Bread,nutmeg
285,Delicious Pumpkin Bread,cinnamon
286,Delicious Pumpkin Bread,pumpkin
287,Delicious Pumpkin Bread,water
288,Delicious Pumpkin Bread,vegetable
289,Delicious Pumpkin Bread,egg
290,Delicious Pumpkin Bread,walnut
291,Mom's Zucchini Bread,flour
292,Mom's Zucchini Bread,salt
293,Mom's Zucchini Bread,cinnamon
294,Mom's Zucchini Bread,egg
295,Mom's Zucchini Bread,vegetable
296,Mom's Zucchini Bread,sugar
297,Mom's Zucchini Bread,zucchini
298,Mom's Zucchini Bread,walnut
299,Cinnamon Cranraisin Bread,water
300,Cinnamon Cranraisin Bread,egg
301,Cinnamon Cranraisin Bread,margarine
302,Cinnamon Cranraisin Bread,flour
303,Cinnamon Cranraisin Bread,milk
304,Cinnamon Cranraisin Bread,sugar
305,Cinnamon Cranraisin Bread,cinnamon
306,Cinnamon Cranraisin Bread,salt
307,Cinnamon Cranraisin Bread,yeast
308,Cinnamon Cranraisin Bread,berries
309,Molasses-Oat Bran Bread,yeast
310,Molasses-Oat Bran Bread,sugar
311,Molasses-Oat Bran Bread,water
312,Molasses-Oat Bran Bread,butter
313,Molasses-Oat Bran Bread,oat
314,Molasses-Oat Bran Bread,flour
315,Molasses-Oat Bran Bread,salt
316,Molasses-Oat Bran Bread,oat
317,Fabulous Homemade Bread,water
318,Fabulous Homemade Bread,yeast
319,Fabulous Homemade Bread,flour
320,Fabulous Homemade Bread,sugar
321,Fabulous Homemade Bread,oat
322,Fabulous Homemade Bread,flour
323,Fabulous Homemade Bread,water
324,Fabulous Homemade Bread,salt
325,Fabulous Homemade Bread,brown sugar
326,Fabulous Homemade Bread,vegetable
327,Fabulous Homemade Bread,flour
328,Persimmon Bread I,egg
329,Persimmon Bread I,flour
330,Persimmon Bread I,sugar
331,Persimmon Bread I,salt
332,Persimmon Bread I,vegetable
333,Persimmon Bread I,cinnamon
334,Persimmon Bread I,persimmon
335,Persimmon Bread I,walnut
336,Persimmon Bread I,raisin
337,Cinnamon Carrot Bread,sugar
338,Cinnamon Carrot Bread,brown sugar
339,Cinnamon Carrot Bread,sunflower seed
340,Cinnamon Carrot Bread,flour
341,Cinnamon Carrot Bread,cinnamon
342,Cinnamon Carrot Bread,egg
343,Cinnamon Carrot Bread,salt
344,Cinnamon Carrot Bread,carrot
345,Cinnamon Carrot Bread,pecan
346,Strawberry Bread II,butter
347,Strawberry Bread II,sugar
348,Strawberry Bread II,egg
349,Strawberry Bread II,flour
350,Strawberry Bread II,almond
351,Strawberry Bread II,berries
352,Alienated Blueberry Muffins,berries
353,Alienated Blueberry Muffins,flour
354,Alienated Blueberry Muffins,flour
355,Alienated Blueberry Muffins,salt
356,Alienated Blueberry Muffins,margarine
357,Alienated Blueberry Muffins,sugar
358,Alienated Blueberry Muffins,egg
359,Alienated Blueberry Muffins,milk
360,Yummy Lemon Bread,butter
361,Yummy Lemon Bread,sugar
362,Yummy Lemon Bread,milk
363,Yummy Lemon Bread,egg
364,Yummy Lemon Bread,flour
365,Yummy Lemon Bread,lemon
366,Yummy Lemon Bread,walnut
367,Yummy Lemon Bread,lemon
368,Yummy Lemon Bread,sugar
369,Nick's Favorite Cherry Pecan Bread,margarine
370,Nick's Favorite Cherry Pecan Bread,sugar
371,Nick's Favorite Cherry Pecan Bread,egg
372,Nick's Favorite Cherry Pecan Bread,buttermilk
373,Nick's Favorite Cherry Pecan Bread,salt
374,Nick's Favorite Cherry Pecan Bread,flour
375,Nick's Favorite Cherry Pecan Bread,chop
376,Nick's Favorite Cherry Pecan Bread,pecan
377,Swedish Rye Bread I,yeast
378,Swedish Rye Bread I,water
379,Swedish Rye Bread I,milk
380,Swedish Rye Bread I,salt
381,Swedish Rye Bread I,flour
382,Swedish Rye Bread I,brown sugar
383,Swedish Rye Bread I,flour
384,Bran Muffins I,raisin
385,Bran Muffins I,water
386,Bran Muffins I,sugar
387,Bran Muffins I,egg
388,Bran Muffins I,buttermilk
389,Bran Muffins I,flour
390,Bran Muffins I,salt
391,Zucchini Walnut Bread,walnut
392,Zucchini Walnut Bread,egg
393,Zucchini Walnut Bread,sugar
394,Zucchini Walnut Bread,vegetable
395,Zucchini Walnut Bread,flour
396,Zucchini Walnut Bread,salt
397,Zucchini Walnut Bread,cinnamon
398,Zucchini Walnut Bread,zucchini
399,Zucchini Walnut Bread,raisin
400,Apricot Nut Bread,apricot
401,Apricot Nut Bread,sugar
402,Apricot Nut Bread,egg
403,Apricot Nut Bread,flour
404,Apricot Nut Bread,salt
405,Apricot Nut Bread,walnut
406,Babka I,milk
407,Babka I,butter
408,Babka I,yeast
409,Babka I,water
410,Babka I,egg
411,Babka I,egg
412,Babka I,sugar
413,Babka I,salt
414,Babka I,orange
415,Babka I,orange
416,Babka I,lemon
417,Babka I,flour
418,Babka I,raisin
419,Babka I,raisin
420,Babka I,almond
421,Babka I,flour
422,Babka I,brown sugar
423,Babka I,cinnamon
424,Babka I,butter
425,Babka I,egg
426,Babka I,water
427,Brazilian Banana Bread,margarine
428,Brazilian Banana Bread,sugar
429,Brazilian Banana Bread,egg
430,Brazilian Banana Bread,flour
431,Brazilian Banana Bread,milk
432,Brazilian Banana Bread,egg
433,Brazilian Banana Bread,banana
434,Brazilian Banana Bread,sugar
435,Brazilian Banana Bread,cinnamon
436,Easy Banana Bread,banana
437,Easy Banana Bread,egg
438,Easy Banana Bread,sugar
439,Easy Banana Bread,flour
440,Easy Banana Bread,salt
441,Banana Oat Muffins,flour
442,Banana Oat Muffins,oat
443,Banana Oat Muffins,sugar
444,Banana Oat Muffins,salt
445,Banana Oat Muffins,egg
446,Banana Oat Muffins,milk
447,Banana Oat Muffins,vegetable
448,Banana Oat Muffins,banana
449,Canadian Doughnuts,sugar
450,Canadian Doughnuts,water
451,Canadian Doughnuts,yeast
452,Canadian Doughnuts,vegetable
453,Canadian Doughnuts,water
454,Canadian Doughnuts,salt
455,Canadian Doughnuts,sugar
456,Canadian Doughnuts,flour
457,Canadian Doughnuts,flour
458,Canadian Doughnuts,lemon
459,Canadian Doughnuts,sugar
460,Canadian Doughnuts,cinnamon
461,Beer Bread I,flour
462,Beer Bread I,sugar
463,Beer Biscuits,flour
464,Beer Biscuits,salt
465,Cardamom Bread,egg
466,Cardamom Bread,water
467,Cardamom Bread,milk
468,Cardamom Bread,salt
469,Cardamom Bread,flour
470,Cardamom Bread,cardamom
471,Cardamom Bread,sugar
472,Cardamom Bread,yeast
473,Three C Bread,egg
474,Three C Bread,vegetable
475,Three C Bread,milk
476,Three C Bread,flour
477,Three C Bread,sugar
478,Three C Bread,cinnamon
479,Three C Bread,salt
480,Three C Bread,carrot
481,Three C Bread,coconut
482,Three C Bread,chop
483,Three C Bread,raisin
484,Three C Bread,pecan
485,Grandma Cornish's Whole Wheat Potato Bread,potato
486,Grandma Cornish's Whole Wheat Potato Bread,water
487,Grandma Cornish's Whole Wheat Potato Bread,salt
488,Grandma Cornish's Whole Wheat Potato Bread,sugar
489,Grandma Cornish's Whole Wheat Potato Bread,salt
490,Grandma Cornish's Whole Wheat Potato Bread,milk
491,Grandma Cornish's Whole Wheat Potato Bread,yeast
492,Grandma Cornish's Whole Wheat Potato Bread,water
493,Grandma Cornish's Whole Wheat Potato Bread,sugar
494,Grandma Cornish's Whole Wheat Potato Bread,flour
495,Chocolate Bread,sunflower seed
496,Chocolate Bread,salt
497,Chocolate Bread,water
498,Chocolate Bread,yeast
499,Chocolate Bread,flour
500,Chocolate Bread,sugar
501,Strawberry Rhubarb Muffins,flour
502,Strawberry Rhubarb Muffins,flour
503,Strawberry Rhubarb Muffins,flour
504,Strawberry Rhubarb Muffins,allspice
505,Strawberry Rhubarb Muffins,chop
506,Strawberry Rhubarb Muffins,water
507,Strawberry Rhubarb Muffins,honey
508,Strawberry Rhubarb Muffins,vegetable
509,Strawberry Rhubarb Muffins,egg
510,Strawberry Rhubarb Muffins,berries
511,Poppy Seed Bread I,salt
512,Poppy Seed Bread I,flour
513,Poppy Seed Bread I,egg
514,Poppy Seed Bread I,vegetable
515,Poppy Seed Bread I,sugar
516,Poppy Seed Bread I,milk
517,Zucchini Bread,flour
518,Zucchini Bread,egg
519,Zucchini Bread,sugar
520,Zucchini Bread,vegetable
521,Zucchini Bread,zucchini
522,Zucchini Bread,cinnamon
523,Honey Wheat Bread I,yeast
524,Honey Wheat Bread I,sugar
525,Honey Wheat Bread I,water
526,Honey Wheat Bread I,milk
527,Honey Wheat Bread I,water
528,Honey Wheat Bread I,honey
529,Honey Wheat Bread I,salt
530,Honey Wheat Bread I,flour
531,Honey Wheat Bread I,flour
532,Honey Wheat Bread I,butter
533,Honey White Bread,milk
534,Honey White Bread,butter
535,Honey White Bread,honey
536,Honey White Bread,flour
537,Honey White Bread,salt
538,Honey White Bread,ginger
539,Honey White Bread,yeast
540,Mom's Hazelnut Special,yeast
541,Mom's Hazelnut Special,flour
542,Mom's Hazelnut Special,flour
543,Mom's Hazelnut Special,flour
544,Mom's Hazelnut Special,water
545,Mom's Hazelnut Special,sunflower seed
546,Mom's Hazelnut Special,hazelnut
547,Mom's Hazelnut Special,sugar
548,Mom's Hazelnut Special,vegetable
549,Mom's Hazelnut Special,salt
550,Quick Lemon Poppy Seed Bread,lemon
551,Quick Lemon Poppy Seed Bread,egg
552,Quick Lemon Poppy Seed Bread,vegetable
553,Quick Lemon Poppy Seed Bread,lemon
554,Quick Lemon Poppy Seed Bread,water
555,Maple Zucchini Bread,egg
556,Maple Zucchini Bread,vegetable
557,Maple Zucchini Bread,brown sugar
558,Maple Zucchini Bread,sugar
559,Maple Zucchini Bread,flour
560,Maple Zucchini Bread,salt
561,Maple Zucchini Bread,zucchini
562,Maple Zucchini Bread,walnut
563,Chocolate Chip Orange Zucchini Bread,egg
564,Chocolate Chip Orange Zucchini Bread,sugar
565,Chocolate Chip Orange Zucchini Bread,vegetable
566,Chocolate Chip Orange Zucchini Bread,zucchini
567,Chocolate Chip Orange Zucchini Bread,walnut
568,Chocolate Chip Orange Zucchini Bread,orange
569,Chocolate Chip Orange Zucchini Bread,flour
570,Chocolate Chip Orange Zucchini Bread,salt
571,Chocolate Chip Orange Zucchini Bread,cinnamon
572,Chocolate Chip Orange Zucchini Bread,nutmeg
573,Chocolate Chip Pumpkin Bread,sugar
574,Chocolate Chip Pumpkin Bread,pumpkin
575,Chocolate Chip Pumpkin Bread,vegetable
576,Chocolate Chip Pumpkin Bread,water
577,Chocolate Chip Pumpkin Bread,egg
578,Chocolate Chip Pumpkin Bread,flour
579,Chocolate Chip Pumpkin Bread,cinnamon
580,Chocolate Chip Pumpkin Bread,nutmeg
581,Chocolate Chip Pumpkin Bread,salt
582,Chocolate Chip Pumpkin Bread,walnut
583,Red Pepper Biscuits,baking mix
584,Red Pepper Biscuits,red pepper
585,Red Pepper Biscuits,garlic
586,Red Pepper Biscuits,milk
587,Red Pepper Biscuits,cheese
588,Red Pepper Biscuits,butter
589,Chocolate Wave Zucchini Bread,sugar
590,Chocolate Wave Zucchini Bread,egg
591,Chocolate Wave Zucchini Bread,zucchini
592,Chocolate Wave Zucchini Bread,water
593,Chocolate Wave Zucchini Bread,flour
594,Chocolate Wave Zucchini Bread,salt
595,Chocolate Wave Zucchini Bread,pumpkin
596,Chocolate Wave Zucchini Bread,walnut
597,Wheat and Barley Bread,buttermilk
598,Wheat and Barley Bread,egg
599,Wheat and Barley Bread,sugar
600,Wheat and Barley Bread,salt
601,Wheat and Barley Bread,flour
602,Tomato Bread I,tomato
603,Tomato Bread I,water
604,Tomato Bread I,yeast
605,Tomato Bread I,vegetable
606,Tomato Bread I,honey
607,Tomato Bread I,parsley
608,Tomato Bread I,onion
609,Tomato Bread I,garlic
610,Tomato Bread I,carrot
611,Tomato Bread I,salt
612,Tomato Bread I,flour
613,Zucchini Bread II,egg
614,Zucchini Bread II,vegetable
615,Zucchini Bread II,brown sugar
616,Zucchini Bread II,zucchini
617,Zucchini Bread II,flour
618,Zucchini Bread II,cinnamon
619,Zucchini Bread II,salt
620,Zucchini Bread II,raisin
621,Zucchini Bread II,walnut
622,Mall Pretzels,yeast
623,Mall Pretzels,brown sugar
624,Mall Pretzels,salt
625,Mall Pretzels,water
626,Mall Pretzels,flour
627,Mall Pretzels,flour
628,Mall Pretzels,water
629,Mall Pretzels,butter
630,Mall Pretzels,salt
631,Soft Pretzels I,water
632,Soft Pretzels I,margarine
633,Soft Pretzels I,sugar
634,Soft Pretzels I,salt
635,Soft Pretzels I,flour
636,Soft Pretzels I,yeast
637,Soft Pretzels I,water
638,Soft Pretzels I,salt
639,Sweet Potato Rolls,yeast
640,Sweet Potato Rolls,sugar
641,Sweet Potato Rolls,sweet potato
642,Sweet Potato Rolls,water
643,Sweet Potato Rolls,margarine
644,Sweet Potato Rolls,salt
645,Sweet Potato Rolls,egg
646,Sweet Potato Rolls,flour
647,Tea Biscuits,flour
648,Tea Biscuits,salt
649,Tea Biscuits,milk
650,Cheddar Biscuits,baking mix
651,Cheddar Biscuits,cheese
652,Cheddar Biscuits,milk
653,Cheddar Biscuits,garlic
654,Cheddar Biscuits,margarine
655,Cheddar Biscuits,parsley
656,Cheddar Biscuits,garlic
657,Cottage Dill Bread,water
658,Cottage Dill Bread,cheese
659,Cottage Dill Bread,margarine
660,Cottage Dill Bread,flour
661,Cottage Dill Bread,sugar
662,Cottage Dill Bread,milk
663,Cottage Dill Bread,mince
664,Cottage Dill Bread,dill
665,Cottage Dill Bread,salt
666,Cottage Dill Bread,yeast
667,English Muffin Loaves,yeast
668,English Muffin Loaves,flour
669,English Muffin Loaves,sugar
670,English Muffin Loaves,milk
671,English Muffin Loaves,water
672,English Muffin Loaves,salt
673,English Muffin Loaves,corn
674,Parmesan Focaccia Bread,water
675,Parmesan Focaccia Bread,sugar
676,Parmesan Focaccia Bread,salt
677,Parmesan Focaccia Bread,flour
678,Parmesan Focaccia Bread,yeast
679,Parmesan Focaccia Bread,olive oil
680,Parmesan Focaccia Bread,oregano
681,Parmesan Focaccia Bread,olive oil
682,Parmesan Focaccia Bread,cheese
683,Darbey Bread,cheese
684,Darbey Bread,onion
685,Darbey Bread,olive oil
686,Nonfat Sour Cream Cake Bread,salt
687,Nonfat Sour Cream Cake Bread,brown sugar
688,Nonfat Sour Cream Cake Bread,egg
689,Nonfat Sour Cream Cake Bread,milk
690,Nonfat Sour Cream Cake Bread,flour
691,Nonfat Sour Cream Cake Bread,yeast
692,Coconut Bread I,butter
693,Coconut Bread I,sugar
694,Coconut Bread I,egg
695,Coconut Bread I,coconut
696,Coconut Bread I,flour
697,Coconut Bread I,coconut
698,Coconut Bread I,sugar
699,Coconut Bread I,milk
700,Irish Soda Bread I,flour
701,Irish Soda Bread I,sugar
702,Irish Soda Bread I,salt
703,Irish Soda Bread I,egg
704,Irish Soda Bread I,raisin
705,Ciabatta,yeast
706,Ciabatta,water
707,Ciabatta,water
708,Ciabatta,flour
709,Ciabatta,yeast
710,Ciabatta,milk
711,Ciabatta,water
712,Ciabatta,olive oil
713,Ciabatta,flour
714,Ciabatta,salt
715,Lower Fat Banana Nut Bread,egg
716,Lower Fat Banana Nut Bread,walnut
717,Lower Fat Banana Nut Bread,raisin
718,Lower Fat Banana Nut Bread,banana
719,Lower Fat Banana Nut Bread,margarine
720,Lower Fat Banana Nut Bread,salt
721,Lower Fat Banana Nut Bread,brown sugar
722,Lower Fat Banana Nut Bread,flour
723,Orange Nut Bread,orange
724,Orange Nut Bread,orange
725,Orange Nut Bread,water
726,Orange Nut Bread,egg
727,Orange Nut Bread,flour
728,Orange Nut Bread,salt
729,Orange Nut Bread,sugar
730,Orange Nut Bread,walnut
731,Poppy Seed Bread II,flour
732,Poppy Seed Bread II,salt
733,Poppy Seed Bread II,egg
734,Poppy Seed Bread II,milk
735,Poppy Seed Bread II,vegetable
736,Poppy Seed Bread II,sugar
737,Poppy Seed Bread II,lemon
738,Poppy Seed Bread II,butter
739,Poppy Seed Bread II,orange
740,Poppy Seed Bread II,sugar
741,Oatmeal Chocolate Chip Muffins,oat
742,Oatmeal Chocolate Chip Muffins,milk
743,Oatmeal Chocolate Chip Muffins,egg
744,Oatmeal Chocolate Chip Muffins,vegetable
745,Oatmeal Chocolate Chip Muffins,brown sugar
746,Oatmeal Chocolate Chip Muffins,pecan
747,Oatmeal Chocolate Chip Muffins,flour
748,Oatmeal Chocolate Chip Muffins,salt
749,Lower Fat Banana Bread I,sugar
750,Lower Fat Banana Bread I,margarine
751,Lower Fat Banana Bread I,egg
752,Lower Fat Banana Bread I,banana
753,Lower Fat Banana Bread I,water
754,Lower Fat Banana Bread I,flour
755,Lower Fat Banana Bread I,salt
756,Sourdough Bread II,yeast
757,Sourdough Bread II,water
758,Sourdough Bread II,flour
759,Sourdough Bread II,water
760,Sourdough Bread II,sugar
761,Sourdough Bread II,salt
762,Sourdough Bread II,yeast
763,Sourdough Bread II,water
764,Sourdough Bread II,sugar
765,Sourdough Bread II,salt
766,Sourdough Bread II,flour
767,Sourdough Bread II,butter
768,Parmesan Herb Bread,water
769,Parmesan Herb Bread,margarine
770,Parmesan Herb Bread,oregano
771,Parmesan Herb Bread,sugar
772,Parmesan Herb Bread,yeast
773,Parmesan Herb Bread,cheese
774,Parmesan Herb Bread,flour
775,Parmesan Herb Bread,salt
776,Parmesan Herb Bread,cheese
777,Simple Banana Bread,banana
778,Simple Banana Bread,sugar
779,Simple Banana Bread,egg
780,Simple Banana Bread,flour
781,Simple Banana Bread,salt
782,Simple Banana Bread,walnut
783,Unbelievable Rolls,milk
784,Unbelievable Rolls,water
785,Unbelievable Rolls,sugar
786,Unbelievable Rolls,salt
787,Unbelievable Rolls,egg
788,Unbelievable Rolls,yeast
789,Unbelievable Rolls,flour
790,Unbelievable Rolls,margarine
791,Pecan Sticky Buns,yeast
792,Pecan Sticky Buns,water
793,Pecan Sticky Buns,buttermilk
794,Pecan Sticky Buns,egg
795,Pecan Sticky Buns,flour
796,Pecan Sticky Buns,margarine
797,Pecan Sticky Buns,sugar
798,Pecan Sticky Buns,salt
799,Pecan Sticky Buns,butter
800,Pecan Sticky Buns,sugar
801,Pecan Sticky Buns,cinnamon
802,Pecan Sticky Buns,pecan
803,Pecan Sticky Buns,brown sugar
804,Pecan Sticky Buns,butter
805,Challah I,water
806,Challah I,yeast
807,Challah I,honey
808,Challah I,vegetable
809,Challah I,egg
810,Challah I,salt
811,Challah I,flour
812,Tasty Buns,flour
813,Tasty Buns,yeast
814,Tasty Buns,milk
815,Tasty Buns,water
816,Tasty Buns,vegetable
817,Tasty Buns,sugar
818,Tasty Buns,salt
819,Breakfast Muffins,flour
820,Breakfast Muffins,sugar
821,Breakfast Muffins,salt
822,Breakfast Muffins,milk
823,Breakfast Muffins,egg
824,Breakfast Muffins,butter
825,Breakfast Muffins,berries
