,Recipe,Methods
0,"Basil, Roasted Peppers and Monterey Jack Cornbread",bake
1,Crispy Cheese Twists,brush
2,Mom's Yeast Rolls,brush
3,Sweet Potato Bread I,bake
4,Orange Buns,roll
5,Cornish Splits,bake
6,Jalapeno Cheese Bread,grease
7,Dee's Health Bread,bake
8,Oatmeal Bread I,bake
9,Strawberry Bread I,bake
10,Sun Dried Tomato and Asiago Cheese Bread,bake
11,Hawaiian Sweet Bread,bake
12,The Best Corn Bread You'll Ever Eat,bake
13,No Knead Refrigerator Rolls,can
14,Sourdough Starter I,stir
15,Sourdough Bread I,bake
16,Dilly Bread,brush
17,Pumpkin Bread I,bake
18,Sy's Challah,brush
19,Onion Bread I,bake
20,Grandma VanDoren's White Bread,bake
21,Italian Bread I,bake
22,Sunday Dinner Rolls,bake
23,Banana Wheat Bread,bake
24,Banana Bread,bake
25,Candied Fruit Bread,bake
26,Nut and Fruit Bread,bake
27,Mother's Banana Bread,bake
28,Pumpernickel Bread I,bread
29,Buttermilk Bread I,bake
30,Sun Dried Tomato Focaccia,brush
31,Michell Jenny's Challah,can
32,Potato Bread I,bake
33,Delicious Pumpkin Bread,bake
34,Mom's Zucchini Bread,bake
35,Cinnamon Cranraisin Bread,salt
36,Molasses-Oat Bran Bread,bake
37,Fabulous Homemade Bread,bake
38,Persimmon Bread I,bake
39,Cinnamon Carrot Bread,bake
40,Strawberry Bread II,bake
41,Alienated Blueberry Muffins,bake
42,Yummy Lemon Bread,bake
43,Nick's Favorite Cherry Pecan Bread,bake
44,Swedish Rye Bread I,bake
45,Bran Muffins I,bake
46,Zucchini Walnut Bread,bake
47,Apricot Nut Bread,bake
48,Babka I,roll
49,Brazilian Banana Bread,bake
50,Easy Banana Bread,bake
51,Banana Oat Muffins,bake
52,Canadian Doughnuts,salt
53,Beer Bread I,bake
54,Beer Biscuits,bake
55,Cardamom Bread,brush
56,Three C Bread,can
57,Grandma Cornish's Whole Wheat Potato Bread,bake
58,Chocolate Bread,bake
59,Strawberry Rhubarb Muffins,bake
60,Poppy Seed Bread I,bake
61,Zucchini Bread,bake
62,Honey Wheat Bread I,bake
63,Honey White Bread,bread
64,Mom's Hazelnut Special,flavor
65,Quick Lemon Poppy Seed Bread,bake
66,Maple Zucchini Bread,bake
67,Chocolate Chip Orange Zucchini Bread,chill
68,Chocolate Chip Pumpkin Bread,can
69,Red Pepper Biscuits,brush
70,Chocolate Wave Zucchini Bread,bake
71,Wheat and Barley Bread,bake
72,Tomato Bread I,bake
73,Zucchini Bread II,bake
74,Mall Pretzels,roll
75,Soft Pretzels I,bake
76,Sweet Potato Rolls,bake
77,Tea Biscuits,bake
78,Cheddar Biscuits,brush
79,Cottage Dill Bread,bread
80,English Muffin Loaves,bake
81,Parmesan Focaccia Bread,bake
82,Darbey Bread,can
83,Nonfat Sour Cream Cake Bread,bake
84,Coconut Bread I,bake
85,Irish Soda Bread I,bake
86,Ciabatta,bake
87,Lower Fat Banana Nut Bread,bake
88,Orange Nut Bread,bake
89,Poppy Seed Bread II,bake
90,Oatmeal Chocolate Chip Muffins,bake
91,Lower Fat Banana Bread I,bake
92,Sourdough Bread II,grease
93,Parmesan Herb Bread,bake
94,Simple Banana Bread,bake
95,Unbelievable Rolls,bake
96,Pecan Sticky Buns,bake
97,Challah I,brush
98,Tasty Buns,bake
99,Breakfast Muffins,bake
100,"Basil, Roasted Peppers and Monterey Jack Cornbread",salt
101,Crispy Cheese Twists,bake
102,Mom's Yeast Rolls,bake
103,Sweet Potato Bread I,salt
104,Orange Buns,grease
105,Cornish Splits,salt
106,Jalapeno Cheese Bread,dough
107,Dee's Health Bread,salt
108,Oatmeal Bread I,salt
109,Strawberry Bread I,salt
110,Sun Dried Tomato and Asiago Cheese Bread,bread
111,Hawaiian Sweet Bread,bread
112,The Best Corn Bread You'll Ever Eat,grease
113,No Knead Refrigerator Rolls,bake
114,Sourdough Starter I,warm
115,Sourdough Bread I,salt
116,Dilly Bread,bake
117,Pumpkin Bread I,salt
118,Sy's Challah,bake
119,Onion Bread I,salt
120,Grandma VanDoren's White Bread,salt
121,Italian Bread I,salt
122,Sunday Dinner Rolls,salt
123,Banana Wheat Bread,salt
124,Banana Bread,salt
125,Candied Fruit Bread,salt
126,Nut and Fruit Bread,salt
127,Mother's Banana Bread,salt
129,Buttermilk Bread I,salt
130,Sun Dried Tomato Focaccia,bake
131,Michell Jenny's Challah,bake
132,Potato Bread I,bread
133,Delicious Pumpkin Bread,salt
134,Mom's Zucchini Bread,salt
135,Cinnamon Cranraisin Bread,bread
136,Molasses-Oat Bran Bread,salt
137,Fabulous Homemade Bread,bread
138,Persimmon Bread I,salt
139,Cinnamon Carrot Bread,salt
140,Strawberry Bread II,grease
141,Alienated Blueberry Muffins,salt
142,Yummy Lemon Bread,bread
143,Nick's Favorite Cherry Pecan Bread,salt
144,Swedish Rye Bread I,salt
145,Bran Muffins I,salt
146,Zucchini Walnut Bread,salt
147,Apricot Nut Bread,salt
148,Babka I,grease
149,Brazilian Banana Bread,grease
150,Easy Banana Bread,salt
151,Banana Oat Muffins,salt
152,Canadian Doughnuts,roll
153,Beer Bread I,grease
154,Beer Biscuits,salt
155,Cardamom Bread,bake
156,Three C Bread,bake
157,Grandma Cornish's Whole Wheat Potato Bread,salt
158,Chocolate Bread,salt
159,Strawberry Rhubarb Muffins,combine
160,Poppy Seed Bread I,salt
161,Zucchini Bread,grease
162,Honey Wheat Bread I,salt
164,Mom's Hazelnut Special,bread
165,Quick Lemon Poppy Seed Bread,grease
166,Maple Zucchini Bread,salt
167,Chocolate Chip Orange Zucchini Bread,bake
168,Chocolate Chip Pumpkin Bread,bake
169,Red Pepper Biscuits,bake
170,Chocolate Wave Zucchini Bread,salt
171,Wheat and Barley Bread,salt
172,Tomato Bread I,salt
173,Zucchini Bread II,salt
174,Mall Pretzels,grease
175,Soft Pretzels I,salt
176,Sweet Potato Rolls,salt
177,Tea Biscuits,salt
178,Cheddar Biscuits,bake
179,Cottage Dill Bread,measure
180,English Muffin Loaves,salt
181,Parmesan Focaccia Bread,bread
182,Darbey Bread,bake
183,Nonfat Sour Cream Cake Bread,salt
184,Coconut Bread I,grease
185,Irish Soda Bread I,salt
186,Ciabatta,bread
187,Lower Fat Banana Nut Bread,salt
188,Orange Nut Bread,salt
189,Poppy Seed Bread II,salt
190,Oatmeal Chocolate Chip Muffins,salt
191,Lower Fat Banana Bread I,salt
192,Sourdough Bread II,dough
193,Parmesan Herb Bread,salt
194,Simple Banana Bread,salt
195,Unbelievable Rolls,salt
196,Pecan Sticky Buns,salt
197,Challah I,bake
198,Tasty Buns,salt
199,Breakfast Muffins,salt
200,"Basil, Roasted Peppers and Monterey Jack Cornbread",rub
201,Crispy Cheese Twists,combine
202,Mom's Yeast Rolls,salt
203,Sweet Potato Bread I,combine
204,Orange Buns,dough
205,Cornish Splits,brown
206,Jalapeno Cheese Bread,pop
207,Dee's Health Bread,grease
208,Oatmeal Bread I,bread
209,Strawberry Bread I,combine
211,Hawaiian Sweet Bread,dough
212,The Best Corn Bread You'll Ever Eat,heat
213,No Knead Refrigerator Rolls,salt
214,Sourdough Starter I,refrigerate
215,Sourdough Bread I,bread
216,Dilly Bread,salt
217,Pumpkin Bread I,combine
218,Sy's Challah,salt
219,Onion Bread I,bread
220,Grandma VanDoren's White Bread,bread
221,Italian Bread I,combine
222,Sunday Dinner Rolls,roll
223,Banana Wheat Bread,combine
224,Banana Bread,grease
225,Candied Fruit Bread,grease
226,Nut and Fruit Bread,bread
227,Mother's Banana Bread,grease
229,Buttermilk Bread I,bread
230,Sun Dried Tomato Focaccia,salt
231,Michell Jenny's Challah,salt
232,Potato Bread I,dough
233,Delicious Pumpkin Bread,combine
234,Mom's Zucchini Bread,bread
235,Cinnamon Cranraisin Bread,warm
236,Molasses-Oat Bran Bread,brown
237,Fabulous Homemade Bread,salt
238,Persimmon Bread I,combine
239,Cinnamon Carrot Bread,combine
240,Strawberry Bread II,batter
241,Alienated Blueberry Muffins,grease
242,Yummy Lemon Bread,combine
243,Nick's Favorite Cherry Pecan Bread,bread
244,Swedish Rye Bread I,bread
245,Bran Muffins I,combine
246,Zucchini Walnut Bread,grease
247,Apricot Nut Bread,puree
248,Babka I,dough
249,Brazilian Banana Bread,dough
250,Easy Banana Bread,grease
251,Banana Oat Muffins,combine
252,Canadian Doughnuts,brown
253,Beer Bread I,pour
254,Beer Biscuits,roll
255,Cardamom Bread,bread
256,Three C Bread,salt
257,Grandma Cornish's Whole Wheat Potato Bread,bread
258,Chocolate Bread,roll
259,Strawberry Rhubarb Muffins,pour
260,Poppy Seed Bread I,grease
261,Zucchini Bread,grate
262,Honey Wheat Bread I,bread
265,Quick Lemon Poppy Seed Bread,batter
266,Maple Zucchini Bread,bread
267,Chocolate Chip Orange Zucchini Bread,salt
268,Chocolate Chip Pumpkin Bread,salt
269,Red Pepper Biscuits,combine
270,Chocolate Wave Zucchini Bread,grease
271,Wheat and Barley Bread,combine
272,Tomato Bread I,brown
273,Zucchini Bread II,brown
274,Mall Pretzels,thin
275,Soft Pretzels I,roll
276,Sweet Potato Rolls,grease
277,Tea Biscuits,roll
278,Cheddar Biscuits,salt
280,English Muffin Loaves,combine
281,Parmesan Focaccia Bread,pour
282,Darbey Bread,bread
283,Nonfat Sour Cream Cake Bread,bread
284,Coconut Bread I,glaze
285,Irish Soda Bread I,combine
286,Ciabatta,salt
287,Lower Fat Banana Nut Bread,bread
288,Orange Nut Bread,bread
289,Poppy Seed Bread II,bread
290,Oatmeal Chocolate Chip Muffins,combine
291,Lower Fat Banana Bread I,bread
292,Sourdough Bread II,cool
293,Parmesan Herb Bread,grease
294,Simple Banana Bread,bread
295,Unbelievable Rolls,roll
296,Pecan Sticky Buns,roll
297,Challah I,salt
298,Tasty Buns,grease
299,Breakfast Muffins,grease
300,"Basil, Roasted Peppers and Monterey Jack Cornbread",saute
301,Crispy Cheese Twists,brown
302,Mom's Yeast Rolls,roll
303,Sweet Potato Bread I,grease
304,Orange Buns,stir
305,Cornish Splits,warm
306,Jalapeno Cheese Bread,oil
307,Dee's Health Bread,warm
308,Oatmeal Bread I,combine
309,Strawberry Bread I,grease
311,Hawaiian Sweet Bread,measure
312,The Best Corn Bread You'll Ever Eat,pour
313,No Knead Refrigerator Rolls,roll
314,Sourdough Starter I,combine
315,Sourdough Bread I,brown
316,Dilly Bread,brown
317,Pumpkin Bread I,grease
318,Sy's Challah,bread
319,Onion Bread I,combine
320,Grandma VanDoren's White Bread,combine
321,Italian Bread I,grease
322,Sunday Dinner Rolls,grease
323,Banana Wheat Bread,grease
324,Banana Bread,melt
325,Candied Fruit Bread,melt
326,Nut and Fruit Bread,grease
327,Mother's Banana Bread,pour
329,Buttermilk Bread I,slice
330,Sun Dried Tomato Focaccia,bread
331,Michell Jenny's Challah,bread
333,Delicious Pumpkin Bread,grease
334,Mom's Zucchini Bread,combine
335,Cinnamon Cranraisin Bread,dry
336,Molasses-Oat Bran Bread,grease
337,Fabulous Homemade Bread,brown
338,Persimmon Bread I,pour
339,Cinnamon Carrot Bread,grease
340,Strawberry Bread II,separate
341,Alienated Blueberry Muffins,sprinkle
342,Yummy Lemon Bread,grease
343,Nick's Favorite Cherry Pecan Bread,grease
344,Swedish Rye Bread I,brown
345,Bran Muffins I,batter
346,Zucchini Walnut Bread,pour
347,Apricot Nut Bread,grease
348,Babka I,cool
349,Brazilian Banana Bread,slice
350,Easy Banana Bread,batter
351,Banana Oat Muffins,batter
352,Canadian Doughnuts,warm
353,Beer Bread I,batter
354,Beer Biscuits,brown
355,Cardamom Bread,grease
356,Three C Bread,refrigerate
357,Grandma Cornish's Whole Wheat Potato Bread,combine
358,Chocolate Bread,combine
359,Strawberry Rhubarb Muffins,batter
360,Poppy Seed Bread I,pour
361,Zucchini Bread,pour
362,Honey Wheat Bread I,roll
365,Quick Lemon Poppy Seed Bread,oil
366,Maple Zucchini Bread,grease
367,Chocolate Chip Orange Zucchini Bread,bread
368,Chocolate Chip Pumpkin Bread,combine
369,Red Pepper Biscuits,brown
370,Chocolate Wave Zucchini Bread,pour
371,Wheat and Barley Bread,grease
372,Tomato Bread I,grease
373,Zucchini Bread II,grease
374,Mall Pretzels,dough
375,Soft Pretzels I,grease
376,Sweet Potato Rolls,warm
377,Tea Biscuits,combine
378,Cheddar Biscuits,combine
380,English Muffin Loaves,grease
381,Parmesan Focaccia Bread,dough
382,Darbey Bread,brown
383,Nonfat Sour Cream Cake Bread,combine
384,Coconut Bread I,pour
385,Irish Soda Bread I,grease
386,Ciabatta,warm
387,Lower Fat Banana Nut Bread,combine
388,Orange Nut Bread,zest
389,Poppy Seed Bread II,combine
390,Oatmeal Chocolate Chip Muffins,brown
391,Lower Fat Banana Bread I,brown
392,Sourdough Bread II,stir
393,Parmesan Herb Bread,warm
394,Simple Banana Bread,combine
395,Unbelievable Rolls,warm
396,Pecan Sticky Buns,brown
397,Challah I,bread
398,Tasty Buns,heat
399,Breakfast Muffins,warm
400,"Basil, Roasted Peppers and Monterey Jack Cornbread",dry
401,Crispy Cheese Twists,cut
402,Mom's Yeast Rolls,melt
403,Sweet Potato Bread I,pour
404,Orange Buns,beat
405,Cornish Splits,melt
406,Jalapeno Cheese Bread,cool
407,Dee's Health Bread,dough
408,Oatmeal Bread I,brown
409,Strawberry Bread I,sift
411,Hawaiian Sweet Bread,rise
412,The Best Corn Bread You'll Ever Eat,batter
413,No Knead Refrigerator Rolls,grease
415,Sourdough Bread I,grease
416,Dilly Bread,grease
417,Pumpkin Bread I,pour
418,Sy's Challah,brown
419,Onion Bread I,grease
420,Grandma VanDoren's White Bread,grease
421,Italian Bread I,dry
422,Sunday Dinner Rolls,warm
423,Banana Wheat Bread,dry
424,Banana Bread,pour
425,Candied Fruit Bread,batter
426,Nut and Fruit Bread,melt
427,Mother's Banana Bread,batter
429,Buttermilk Bread I,cool
430,Sun Dried Tomato Focaccia,roll
431,Michell Jenny's Challah,brown
433,Delicious Pumpkin Bread,pour
434,Mom's Zucchini Bread,grease
435,Cinnamon Cranraisin Bread,rise
436,Molasses-Oat Bran Bread,warm
437,Fabulous Homemade Bread,grease
438,Persimmon Bread I,batter
439,Cinnamon Carrot Bread,pour
440,Strawberry Bread II,sift
441,Alienated Blueberry Muffins,batter
442,Yummy Lemon Bread,melt
443,Nick's Favorite Cherry Pecan Bread,batter
444,Swedish Rye Bread I,grease
445,Bran Muffins I,cool
446,Zucchini Walnut Bread,batter
447,Apricot Nut Bread,batter
448,Babka I,stir
449,Brazilian Banana Bread,cool
450,Easy Banana Bread,mash
451,Banana Oat Muffins,mash
452,Canadian Doughnuts,heat
453,Beer Bread I,serve
454,Beer Biscuits,cut
455,Cardamom Bread,dough
456,Three C Bread,combine
457,Grandma Cornish's Whole Wheat Potato Bread,grease
458,Chocolate Bread,cut
459,Strawberry Rhubarb Muffins,juice
460,Poppy Seed Bread I,batter
461,Zucchini Bread,batter
462,Honey Wheat Bread I,combine
465,Quick Lemon Poppy Seed Bread,mix
466,Maple Zucchini Bread,pour
467,Chocolate Chip Orange Zucchini Bread,grease
468,Chocolate Chip Pumpkin Bread,grease
469,Red Pepper Biscuits,grease
470,Chocolate Wave Zucchini Bread,batter
471,Wheat and Barley Bread,melt
472,Tomato Bread I,warm
473,Zucchini Bread II,pour
474,Mall Pretzels,stir
475,Soft Pretzels I,warm
476,Sweet Potato Rolls,dough
477,Tea Biscuits,grease
478,Cheddar Biscuits,brown
480,English Muffin Loaves,warm
481,Parmesan Focaccia Bread,oil
482,Darbey Bread,grate
483,Nonfat Sour Cream Cake Bread,reduce
484,Coconut Bread I,batter
485,Irish Soda Bread I,batter
486,Ciabatta,cut
487,Lower Fat Banana Nut Bread,brown
488,Orange Nut Bread,brown
489,Poppy Seed Bread II,grease
490,Oatmeal Chocolate Chip Muffins,grease
491,Lower Fat Banana Bread I,cool
492,Sourdough Bread II,beat
493,Parmesan Herb Bread,batter
494,Simple Banana Bread,grease
495,Unbelievable Rolls,heat
496,Pecan Sticky Buns,warm
497,Challah I,roll
498,Tasty Buns,separate
499,Breakfast Muffins,batter
500,"Basil, Roasted Peppers and Monterey Jack Cornbread",heat
501,Crispy Cheese Twists,turn
502,Mom's Yeast Rolls,dough
503,Sweet Potato Bread I,batter
504,Orange Buns,mix
505,Cornish Splits,sift
506,Jalapeno Cheese Bread,stir
507,Dee's Health Bread,juice
508,Oatmeal Bread I,grease
509,Strawberry Bread I,oil
512,The Best Corn Bread You'll Ever Eat,oil
513,No Knead Refrigerator Rolls,warm
515,Sourdough Bread I,sift
516,Dilly Bread,warm
517,Pumpkin Bread I,batter
518,Sy's Challah,grease
519,Onion Bread I,warm
520,Grandma VanDoren's White Bread,warm
521,Italian Bread I,pour
522,Sunday Dinner Rolls,cut
523,Banana Wheat Bread,pour
524,Banana Bread,mash
525,Candied Fruit Bread,sift
526,Nut and Fruit Bread,batter
527,Mother's Banana Bread,sift
530,Sun Dried Tomato Focaccia,brown
531,Michell Jenny's Challah,grease
533,Delicious Pumpkin Bread,batter
534,Mom's Zucchini Bread,pour
536,Molasses-Oat Bran Bread,dough
537,Fabulous Homemade Bread,warm
538,Persimmon Bread I,oil
539,Cinnamon Carrot Bread,batter
540,Strawberry Bread II,juice
541,Alienated Blueberry Muffins,mix
542,Yummy Lemon Bread,pour
543,Nick's Favorite Cherry Pecan Bread,slice
544,Swedish Rye Bread I,warm
545,Bran Muffins I,mix
546,Zucchini Walnut Bread,turn
547,Apricot Nut Bread,drain
548,Babka I,beat
549,Brazilian Banana Bread,mix
550,Easy Banana Bread,blend
551,Banana Oat Muffins,oil
552,Canadian Doughnuts,dough
553,Beer Bread I,mix
554,Beer Biscuits,sift
555,Cardamom Bread,cool
556,Three C Bread,grease
557,Grandma Cornish's Whole Wheat Potato Bread,warm
558,Chocolate Bread,dough
559,Strawberry Rhubarb Muffins,oil
560,Poppy Seed Bread I,cool
561,Zucchini Bread,cool
562,Honey Wheat Bread I,process
566,Maple Zucchini Bread,batter
567,Chocolate Chip Orange Zucchini Bread,batter
568,Chocolate Chip Pumpkin Bread,cool
569,Red Pepper Biscuits,dough
570,Chocolate Wave Zucchini Bread,cool
571,Wheat and Barley Bread,soak
572,Tomato Bread I,heat
573,Zucchini Bread II,batter
574,Mall Pretzels,dip
575,Soft Pretzels I,cut
576,Sweet Potato Rolls,knead
577,Tea Biscuits,warm
578,Cheddar Biscuits,grease
580,English Muffin Loaves,heat
581,Parmesan Focaccia Bread,top
582,Darbey Bread,cut
583,Nonfat Sour Cream Cake Bread,brown
584,Coconut Bread I,flavor
585,Irish Soda Bread I,mix
586,Ciabatta,dough
587,Lower Fat Banana Nut Bread,sift
588,Orange Nut Bread,grease
589,Poppy Seed Bread II,glaze
590,Oatmeal Chocolate Chip Muffins,oil
591,Lower Fat Banana Bread I,mix
592,Sourdough Bread II,batter
593,Parmesan Herb Bread,turn
594,Simple Banana Bread,pour
595,Unbelievable Rolls,pour
596,Pecan Sticky Buns,cut
597,Challah I,grease
598,Tasty Buns,dough
599,Breakfast Muffins,serve
600,"Basil, Roasted Peppers and Monterey Jack Cornbread",melt
601,Crispy Cheese Twists,press
602,Mom's Yeast Rolls,mix
603,Sweet Potato Bread I,oil
604,Orange Buns,rise
605,Cornish Splits,dough
606,Jalapeno Cheese Bread,slice
607,Dee's Health Bread,knead
608,Oatmeal Bread I,warm
609,Strawberry Bread I,mix
612,The Best Corn Bread You'll Ever Eat,mix
613,No Knead Refrigerator Rolls,dough
615,Sourdough Bread I,dough
616,Dilly Bread,heat
617,Pumpkin Bread I,mix
618,Sy's Challah,dough
619,Onion Bread I,heat
620,Grandma VanDoren's White Bread,dough
621,Italian Bread I,batter
622,Sunday Dinner Rolls,dough
623,Banana Wheat Bread,batter
624,Banana Bread,mix
625,Candied Fruit Bread,slice
626,Nut and Fruit Bread,sift
627,Mother's Banana Bread,mash
630,Sun Dried Tomato Focaccia,warm
631,Michell Jenny's Challah,melt
633,Delicious Pumpkin Bread,oil
634,Mom's Zucchini Bread,batter
636,Molasses-Oat Bran Bread,knead
637,Fabulous Homemade Bread,dough
638,Persimmon Bread I,mix
639,Cinnamon Carrot Bread,sift
640,Strawberry Bread II,turn
641,Alienated Blueberry Muffins,cream
642,Yummy Lemon Bread,sift
643,Nick's Favorite Cherry Pecan Bread,turn
644,Swedish Rye Bread I,melt
645,Bran Muffins I,cream
646,Zucchini Walnut Bread,cool
647,Apricot Nut Bread,cool
648,Babka I,heat
649,Brazilian Banana Bread,top
650,Easy Banana Bread,stir
651,Banana Oat Muffins,stir
652,Canadian Doughnuts,drain
653,Beer Bread I,top
654,Beer Biscuits,dough
655,Cardamom Bread,top
656,Three C Bread,sift
657,Grandma Cornish's Whole Wheat Potato Bread,dough
658,Chocolate Bread,knead
659,Strawberry Rhubarb Muffins,mix
660,Poppy Seed Bread I,oil
661,Zucchini Bread,oil
662,Honey Wheat Bread I,brown
666,Maple Zucchini Bread,flavor
667,Chocolate Chip Orange Zucchini Bread,sift
668,Chocolate Chip Pumpkin Bread,oil
669,Red Pepper Biscuits,mix
670,Chocolate Wave Zucchini Bread,mix
671,Wheat and Barley Bread,pour
672,Tomato Bread I,pour
673,Zucchini Bread II,cool
674,Mall Pretzels,mix
675,Soft Pretzels I,dough
676,Sweet Potato Rolls,turn
677,Tea Biscuits,cut
678,Cheddar Biscuits,melt
680,English Muffin Loaves,batter
681,Parmesan Focaccia Bread,sprinkle
682,Darbey Bread,warm
683,Nonfat Sour Cream Cake Bread,pour
684,Coconut Bread I,serve
685,Irish Soda Bread I,cream
686,Ciabatta,turn
687,Lower Fat Banana Nut Bread,dough
688,Orange Nut Bread,grate
689,Poppy Seed Bread II,warm
690,Oatmeal Chocolate Chip Muffins,top
691,Lower Fat Banana Bread I,top
692,Sourdough Bread II,mix
693,Parmesan Herb Bread,stir
694,Simple Banana Bread,batter
695,Unbelievable Rolls,melt
696,Pecan Sticky Buns,melt
697,Challah I,warm
698,Tasty Buns,turn
699,Breakfast Muffins,mix
700,"Basil, Roasted Peppers and Monterey Jack Cornbread",cut
701,Crispy Cheese Twists,sprinkle
702,Mom's Yeast Rolls,top
703,Sweet Potato Bread I,stir
704,Orange Buns,can
705,Cornish Splits,knead
706,Jalapeno Cheese Bread,mix
707,Dee's Health Bread,oil
708,Oatmeal Bread I,dough
709,Strawberry Bread I,stir
712,The Best Corn Bread You'll Ever Eat,cream
713,No Knead Refrigerator Rolls,mix
715,Sourdough Bread I,knead
716,Dilly Bread,melt
717,Pumpkin Bread I,stir
718,Sy's Challah,knead
719,Onion Bread I,dough
720,Grandma VanDoren's White Bread,knead
721,Italian Bread I,cool
722,Sunday Dinner Rolls,slice
723,Banana Wheat Bread,mash
724,Banana Bread,stir
725,Candied Fruit Bread,turn
726,Nut and Fruit Bread,slice
727,Mother's Banana Bread,mix
730,Sun Dried Tomato Focaccia,cut
731,Michell Jenny's Challah,dough
733,Delicious Pumpkin Bread,blend
734,Mom's Zucchini Bread,sift
736,Molasses-Oat Bran Bread,turn
737,Fabulous Homemade Bread,turn
738,Persimmon Bread I,blend
739,Cinnamon Carrot Bread,turn
740,Strawberry Bread II,pop
741,Alienated Blueberry Muffins,stir
742,Yummy Lemon Bread,juice
743,Nick's Favorite Cherry Pecan Bread,cool
744,Swedish Rye Bread I,dough
745,Bran Muffins I,stir
746,Zucchini Walnut Bread,oil
747,Apricot Nut Bread,cream
748,Babka I,pour
749,Brazilian Banana Bread,stir
750,Easy Banana Bread,whisk
751,Banana Oat Muffins,beat
752,Canadian Doughnuts,turn
754,Beer Biscuits,knead
755,Cardamom Bread,rise
756,Three C Bread,cool
757,Grandma Cornish's Whole Wheat Potato Bread,knead
758,Chocolate Bread,oil
759,Strawberry Rhubarb Muffins,measure
760,Poppy Seed Bread I,mix
761,Zucchini Bread,mix
762,Honey Wheat Bread I,warm
766,Maple Zucchini Bread,cool
767,Chocolate Chip Orange Zucchini Bread,slice
768,Chocolate Chip Pumpkin Bread,blend
769,Red Pepper Biscuits,top
770,Chocolate Wave Zucchini Bread,top
771,Wheat and Barley Bread,batter
772,Tomato Bread I,dough
773,Zucchini Bread II,oil
774,Mall Pretzels,rise
775,Soft Pretzels I,turn
776,Sweet Potato Rolls,oil
777,Tea Biscuits,dough
778,Cheddar Biscuits,batter
780,English Muffin Loaves,cool
781,Parmesan Focaccia Bread,rise
782,Darbey Bread,dice
783,Nonfat Sour Cream Cake Bread,dough
784,Coconut Bread I,mix
786,Ciabatta,cool
787,Lower Fat Banana Nut Bread,slice
788,Orange Nut Bread,pour
789,Poppy Seed Bread II,pour
790,Oatmeal Chocolate Chip Muffins,stir
791,Lower Fat Banana Bread I,blend
792,Sourdough Bread II,blend
793,Parmesan Herb Bread,sprinkle
794,Simple Banana Bread,sift
795,Unbelievable Rolls,dough
796,Pecan Sticky Buns,dough
797,Challah I,dough
798,Tasty Buns,oil
799,Breakfast Muffins,top
