,Recipe,Ingredients
0,"Basil, Roasted Peppers and Monterey Jack Cornbread",unsalted butter
1,Crispy Cheese Twists,parmesan cheese
2,Mom's Yeast Rolls,hot water
3,Sweet Potato Bread I,white sugar
4,Orange Buns,butter
5,Cornish Splits,active dry yeast
6,Jalapeno Cheese Bread,all-purpose flour
7,Dee's Health Bread,active dry yeast
8,Oatmeal Bread I,roll oat
9,Strawberry Bread I,all-purpose flour
10,Sun Dried Tomato and Asiago Cheese Bread,water
11,Hawaiian Sweet Bread,warm water
12,The Best Corn Bread You'll Ever Eat,egg
13,No Knead Refrigerator Rolls,active dry yeast
14,Sourdough Starter I,mash potato flake
15,Sourdough Bread I,sourdough starter
16,Dilly Bread,active dry yeast
17,Pumpkin Bread I,all-purpose flour
18,Sy's Challah,white sugar
19,Onion Bread I,active dry yeast
20,Grandma VanDoren's White Bread,warm water
21,Italian Bread I,chopped sun-dried tomato
22,Sunday Dinner Rolls,active dry yeast
23,Banana Wheat Bread,whole wheat flour
24,Banana Bread,all-purpose flour
25,Candied Fruit Bread,sift all-purpose flour
26,Nut and Fruit Bread,sift all-purpose flour
27,Mother's Banana Bread,all-purpose flour
28,Pumpernickel Bread I,warm milk
29,Buttermilk Bread I,buttermilk
30,Sun Dried Tomato Focaccia,water
31,Michell Jenny's Challah,water
32,Potato Bread I,water
33,Delicious Pumpkin Bread,all-purpose flour
34,Mom's Zucchini Bread,all-purpose flour
35,Cinnamon Cranraisin Bread,warm water
36,Molasses-Oat Bran Bread,active dry yeast
37,Fabulous Homemade Bread,warm water
38,Persimmon Bread I,egg
39,Cinnamon Carrot Bread,white sugar
40,Strawberry Bread II,butter
41,Alienated Blueberry Muffins,fresh blueberry
42,Yummy Lemon Bread,butter
43,Nick's Favorite Cherry Pecan Bread,margarine
44,Swedish Rye Bread I,compress fresh yeast
45,Bran Muffins I,raisin bran cereal
46,Zucchini Walnut Bread,chopped walnut
47,Apricot Nut Bread,apricot half
48,Babka I,milk
49,Brazilian Banana Bread,margarine
50,Easy Banana Bread,ripe banana
51,Banana Oat Muffins,unbleached all-purpose flour
52,Canadian Doughnuts,white sugar
53,Beer Bread I,bottle beer
54,Beer Biscuits,all-purpose flour
55,Cardamom Bread,egg
56,Three C Bread,egg
57,Grandma Cornish's Whole Wheat Potato Bread,medium potato
58,Chocolate Bread,sunflower seed oil
59,Strawberry Rhubarb Muffins,bread flour
60,Poppy Seed Bread I,salt
61,Zucchini Bread,all-purpose flour
62,Honey Wheat Bread I,rapid rise yeast
63,Honey White Bread,milk
64,Mom's Hazelnut Special,active dry yeast
65,Quick Lemon Poppy Seed Bread,lemon cake mix
66,Maple Zucchini Bread,egg
67,Chocolate Chip Orange Zucchini Bread,egg
68,Chocolate Chip Pumpkin Bread,white sugar
69,Red Pepper Biscuits,baking mix
70,Chocolate Wave Zucchini Bread,shorten
71,Wheat and Barley Bread,barley nugget cereal
72,Tomato Bread I,tomato juice
73,Zucchini Bread II,egg
74,Mall Pretzels,active dry yeast
75,Soft Pretzels I,warm water
76,Sweet Potato Rolls,active dry yeast
77,Tea Biscuits,all-purpose flour
78,Cheddar Biscuits,biscuit baking mix
79,Cottage Dill Bread,warm water
80,English Muffin Loaves,active dry yeast
81,Parmesan Focaccia Bread,warm water
82,Darbey Bread,frozen bread dough
83,Nonfat Sour Cream Cake Bread,free sour cream
84,Coconut Bread I,butter
85,Irish Soda Bread I,all-purpose flour
86,Ciabatta,sponge :
87,Lower Fat Banana Nut Bread,free sour cream
88,Orange Nut Bread,grate orange zest
89,Poppy Seed Bread II,all-purpose flour
90,Oatmeal Chocolate Chip Muffins,quick cooking oat
91,Lower Fat Banana Bread I,white sugar
92,Sourdough Bread II,active dry yeast
93,Parmesan Herb Bread,warm water
94,Simple Banana Bread,ripe banana
95,Unbelievable Rolls,milk
96,Pecan Sticky Buns,active dry yeast
97,Challah I,warm water
98,Tasty Buns,all-purpose flour
99,Breakfast Muffins,all-purpose flour
100,"Basil, Roasted Peppers and Monterey Jack Cornbread",chopped onion
101,Crispy Cheese Twists,ground black pepper
102,Mom's Yeast Rolls,margarine
103,Sweet Potato Bread I,vegetable oil
104,Orange Buns,white sugar
105,Cornish Splits,lukewarm milk
106,Jalapeno Cheese Bread,shred cheddar cheese
107,Dee's Health Bread,white sugar
108,Oatmeal Bread I,molasses
109,Strawberry Bread I,white sugar
110,Sun Dried Tomato and Asiago Cheese Bread,virgin olive oil
111,Hawaiian Sweet Bread,white sugar
112,The Best Corn Bread You'll Ever Eat,milk
113,No Knead Refrigerator Rolls,warm water
114,Sourdough Starter I,white sugar
115,Sourdough Bread I,warm water
116,Dilly Bread,warm water
117,Pumpkin Bread I,baking soda
118,Sy's Challah,salt
119,Onion Bread I,warm water
120,Grandma VanDoren's White Bread,active dry yeast
121,Italian Bread I,all-purpose flour
122,Sunday Dinner Rolls,warm water
123,Banana Wheat Bread,wheat germ
124,Banana Bread,baking soda
125,Candied Fruit Bread,baking powder
126,Nut and Fruit Bread,baking powder
127,Mother's Banana Bread,baking powder
128,Pumpernickel Bread I,vegetable oil
129,Buttermilk Bread I,margarine
130,Sun Dried Tomato Focaccia,bread flour
131,Michell Jenny's Challah,salt
132,Potato Bread I,mash potato flake
133,Delicious Pumpkin Bread,white sugar
134,Mom's Zucchini Bread,salt
135,Cinnamon Cranraisin Bread,egg
136,Molasses-Oat Bran Bread,white sugar
137,Fabulous Homemade Bread,active dry yeast
138,Persimmon Bread I,all-purpose flour
139,Cinnamon Carrot Bread,packed brown sugar
140,Strawberry Bread II,white sugar
141,Alienated Blueberry Muffins,all-purpose flour
142,Yummy Lemon Bread,white sugar
143,Nick's Favorite Cherry Pecan Bread,white sugar
144,Swedish Rye Bread I,warm water
145,Bran Muffins I,whole bran cereal
146,Zucchini Walnut Bread,egg
147,Apricot Nut Bread,shorten
148,Babka I,unsalted butter
149,Brazilian Banana Bread,white sugar
150,Easy Banana Bread,egg
151,Banana Oat Muffins,roll oat
152,Canadian Doughnuts,warm water
153,Beer Bread I,self-rising flour
154,Beer Biscuits,baking powder
155,Cardamom Bread,water
156,Three C Bread,vegetable oil
157,Grandma Cornish's Whole Wheat Potato Bread,water
158,Chocolate Bread,salt
159,Strawberry Rhubarb Muffins,amaranth flour
160,Poppy Seed Bread I,poppy seed
161,Zucchini Bread,egg
162,Honey Wheat Bread I,white sugar
163,Honey White Bread,unsalted butter
164,Mom's Hazelnut Special,bread flour
165,Quick Lemon Poppy Seed Bread,egg
166,Maple Zucchini Bread,vegetable oil
167,Chocolate Chip Orange Zucchini Bread,white sugar
168,Chocolate Chip Pumpkin Bread,pumpkin puree
169,Red Pepper Biscuits,red pepper flake
170,Chocolate Wave Zucchini Bread,white sugar
171,Wheat and Barley Bread,buttermilk
172,Tomato Bread I,water
173,Zucchini Bread II,vegetable oil
174,Mall Pretzels,brown sugar
175,Soft Pretzels I,margarine
176,Sweet Potato Rolls,white sugar
177,Tea Biscuits,baking powder
178,Cheddar Biscuits,shred cheddar cheese
179,Cottage Dill Bread,cottage cheese
180,English Muffin Loaves,all-purpose flour
181,Parmesan Focaccia Bread,white sugar
182,Darbey Bread,sharp cheddar cheese
183,Nonfat Sour Cream Cake Bread,salt
184,Coconut Bread I,vanilla sugar
185,Irish Soda Bread I,white sugar
186,Ciabatta,active dry yeast
187,Lower Fat Banana Nut Bread,egg white
188,Orange Nut Bread,fresh orange juice
189,Poppy Seed Bread II,salt
190,Oatmeal Chocolate Chip Muffins,milk
191,Lower Fat Banana Bread I,margarine
192,Sourdough Bread II,warm water
193,Parmesan Herb Bread,margarine
194,Simple Banana Bread,white sugar
195,Unbelievable Rolls,water
196,Pecan Sticky Buns,warm water
197,Challah I,active dry yeast
198,Tasty Buns,package dry yeast
199,Breakfast Muffins,white sugar
200,"Basil, Roasted Peppers and Monterey Jack Cornbread",cornmeal
201,Crispy Cheese Twists,garlic powder
202,Mom's Yeast Rolls,white sugar
203,Sweet Potato Bread I,egg
204,Orange Buns,hot milk
205,Cornish Splits,white sugar
206,Jalapeno Cheese Bread,mince jalapeno pepper
207,Dee's Health Bread,warm water
208,Oatmeal Bread I,vegetable oil
209,Strawberry Bread I,ground cinnamon
210,Sun Dried Tomato and Asiago Cheese Bread,lemon juice
211,Hawaiian Sweet Bread,all-purpose flour
212,The Best Corn Bread You'll Ever Eat,vegetable oil
213,No Knead Refrigerator Rolls,white sugar
214,Sourdough Starter I,warm water
215,Sourdough Bread I,salt
216,Dilly Bread,white sugar
217,Pumpkin Bread I,salt
218,Sy's Challah,vegetable oil
219,Onion Bread I,milk
220,Grandma VanDoren's White Bread,salt
221,Italian Bread I,white sugar
222,Sunday Dinner Rolls,white sugar
223,Banana Wheat Bread,salt
224,Banana Bread,salt
225,Candied Fruit Bread,salt
226,Nut and Fruit Bread,salt
227,Mother's Banana Bread,baking soda
228,Pumpernickel Bread I,molasses
229,Buttermilk Bread I,white sugar
230,Sun Dried Tomato Focaccia,dry milk powder
231,Michell Jenny's Challah,honey
232,Potato Bread I,egg
233,Delicious Pumpkin Bread,baking soda
234,Mom's Zucchini Bread,baking soda
235,Cinnamon Cranraisin Bread,margarine
236,Molasses-Oat Bran Bread,warm water
237,Fabulous Homemade Bread,bread flour
238,Persimmon Bread I,white sugar
239,Cinnamon Carrot Bread,sunflower seed oil
240,Strawberry Bread II,egg
241,Alienated Blueberry Muffins,all-purpose flour
242,Yummy Lemon Bread,milk
243,Nick's Favorite Cherry Pecan Bread,egg
244,Swedish Rye Bread I,warm milk
245,Bran Muffins I,boil water
246,Zucchini Walnut Bread,white sugar
247,Apricot Nut Bread,white sugar
248,Babka I,cake cake yeast
249,Brazilian Banana Bread,egg yolk
250,Easy Banana Bread,shorten
251,Banana Oat Muffins,white sugar
252,Canadian Doughnuts,active dry yeast
253,Beer Bread I,white sugar
254,Beer Biscuits,salt
255,Cardamom Bread,evaporate skim milk
256,Three C Bread,milk
257,Grandma Cornish's Whole Wheat Potato Bread,salt
258,Chocolate Bread,warm water
259,Strawberry Rhubarb Muffins,brown rice flour
260,Poppy Seed Bread I,all-purpose flour
261,Zucchini Bread,white sugar
262,Honey Wheat Bread I,warm water
263,Honey White Bread,honey
264,Mom's Hazelnut Special,whole wheat flour
265,Quick Lemon Poppy Seed Bread,vegetable oil
266,Maple Zucchini Bread,packed brown sugar
267,Chocolate Chip Orange Zucchini Bread,vegetable oil
268,Chocolate Chip Pumpkin Bread,vegetable oil
269,Red Pepper Biscuits,garlic powder
270,Chocolate Wave Zucchini Bread,egg
271,Wheat and Barley Bread,egg
272,Tomato Bread I,package instant yeast
273,Zucchini Bread II,packed brown sugar
274,Mall Pretzels,salt
275,Soft Pretzels I,white sugar
276,Sweet Potato Rolls,sweet potato puree
277,Tea Biscuits,salt
278,Cheddar Biscuits,milk
279,Cottage Dill Bread,margarine
280,English Muffin Loaves,white sugar
281,Parmesan Focaccia Bread,salt
282,Darbey Bread,onion
283,Nonfat Sour Cream Cake Bread,light brown sugar
284,Coconut Bread I,egg
285,Irish Soda Bread I,baking soda
286,Ciabatta,warm water
287,Lower Fat Banana Nut Bread,chopped walnut
288,Orange Nut Bread,hot water
289,Poppy Seed Bread II,baking powder
290,Oatmeal Chocolate Chip Muffins,egg
291,Lower Fat Banana Bread I,egg
292,Sourdough Bread II,bread flour
293,Parmesan Herb Bread,dry oregano
294,Simple Banana Bread,egg
295,Unbelievable Rolls,white sugar
296,Pecan Sticky Buns,buttermilk
297,Challah I,honey
298,Tasty Buns,milk
299,Breakfast Muffins,baking powder
300,"Basil, Roasted Peppers and Monterey Jack Cornbread",all-purpose flour
301,Crispy Cheese Twists,frozen puff pastry
302,Mom's Yeast Rolls,salt
303,Sweet Potato Bread I,sift all-purpose flour
304,Orange Buns,active dry yeast
305,Cornish Splits,unbleached all-purpose flour
306,Jalapeno Cheese Bread,white sugar
307,Dee's Health Bread,warm water
308,Oatmeal Bread I,salt
309,Strawberry Bread I,salt
310,Sun Dried Tomato and Asiago Cheese Bread,white sugar
311,Hawaiian Sweet Bread,salt
312,The Best Corn Bread You'll Ever Eat,corn meal mix
313,No Knead Refrigerator Rolls,salt
314,Sourdough Starter I,active dry yeast
315,Sourdough Bread I,white sugar
316,Dilly Bread,cottage cheese
317,Pumpkin Bread I,baking powder
318,Sy's Challah,warm water
319,Onion Bread I,white sugar
320,Grandma VanDoren's White Bread,vegetable oil
321,Italian Bread I,baking powder
322,Sunday Dinner Rolls,white sugar
323,Banana Wheat Bread,baking soda
324,Banana Bread,white sugar
325,Candied Fruit Bread,ground cinnamon
326,Nut and Fruit Bread,white sugar
327,Mother's Banana Bread,salt
328,Pumpernickel Bread I,bread flour
329,Buttermilk Bread I,salt
330,Sun Dried Tomato Focaccia,white sugar
331,Michell Jenny's Challah,egg
332,Potato Bread I,margarine
333,Delicious Pumpkin Bread,salt
334,Mom's Zucchini Bread,baking powder
335,Cinnamon Cranraisin Bread,all-purpose flour
336,Molasses-Oat Bran Bread,butter
337,Fabulous Homemade Bread,white sugar
338,Persimmon Bread I,salt
339,Cinnamon Carrot Bread,all-purpose flour
340,Strawberry Bread II,all-purpose flour
341,Alienated Blueberry Muffins,baking powder
342,Yummy Lemon Bread,egg
343,Nick's Favorite Cherry Pecan Bread,buttermilk
344,Swedish Rye Bread I,salt
345,Bran Muffins I,shorten
346,Zucchini Walnut Bread,vegetable oil
347,Apricot Nut Bread,egg
348,Babka I,warm water
349,Brazilian Banana Bread,all-purpose flour
350,Easy Banana Bread,white sugar
351,Banana Oat Muffins,baking powder
352,Canadian Doughnuts,vegetable oil
354,Beer Biscuits,shorten
355,Cardamom Bread,salt
356,Three C Bread,sift all-purpose flour
357,Grandma Cornish's Whole Wheat Potato Bread,white sugar
358,Chocolate Bread,package instant yeast
359,Strawberry Rhubarb Muffins,baking powder
360,Poppy Seed Bread I,egg
361,Zucchini Bread,vegetable oil
362,Honey Wheat Bread I,evaporate milk
363,Honey White Bread,bread flour
364,Mom's Hazelnut Special,bread flour
365,Quick Lemon Poppy Seed Bread,lemon pudding mix
366,Maple Zucchini Bread,white sugar
367,Chocolate Chip Orange Zucchini Bread,vanilla extract
368,Chocolate Chip Pumpkin Bread,water
369,Red Pepper Biscuits,milk
370,Chocolate Wave Zucchini Bread,grate zucchini
371,Wheat and Barley Bread,white sugar
372,Tomato Bread I,vegetable oil
373,Zucchini Bread II,grate zucchini
374,Mall Pretzels,warm water
375,Soft Pretzels I,salt
376,Sweet Potato Rolls,warm water
377,Tea Biscuits,shorten
378,Cheddar Biscuits,garlic powder
379,Cottage Dill Bread,bread flour
380,English Muffin Loaves,milk
381,Parmesan Focaccia Bread,bread flour
382,Darbey Bread,olive oil
383,Nonfat Sour Cream Cake Bread,egg white
384,Coconut Bread I,coconut extract
385,Irish Soda Bread I,baking powder
386,Ciabatta,warm water
387,Lower Fat Banana Nut Bread,raisin
388,Orange Nut Bread,melt shorten
389,Poppy Seed Bread II,egg
390,Oatmeal Chocolate Chip Muffins,vegetable oil
391,Lower Fat Banana Bread I,mash banana
392,Sourdough Bread II,warm water
393,Parmesan Herb Bread,white sugar
394,Simple Banana Bread,all-purpose flour
395,Unbelievable Rolls,salt
396,Pecan Sticky Buns,egg
397,Challah I,vegetable oil
398,Tasty Buns,water
399,Breakfast Muffins,salt
400,"Basil, Roasted Peppers and Monterey Jack Cornbread",white sugar
401,Crispy Cheese Twists,egg white
402,Mom's Yeast Rolls,cold water
403,Sweet Potato Bread I,baking soda
404,Orange Buns,bread flour
405,Cornish Splits,salt
406,Jalapeno Cheese Bread,salt
407,Dee's Health Bread,honey
408,Oatmeal Bread I,boil water
409,Strawberry Bread I,baking soda
410,Sun Dried Tomato and Asiago Cheese Bread,instant powder milk
411,Hawaiian Sweet Bread,dry milk powder
412,The Best Corn Bread You'll Ever Eat,cream-style corn
413,No Knead Refrigerator Rolls,shorten
415,Sourdough Bread I,corn oil
416,Dilly Bread,margarine
417,Pumpkin Bread I,white sugar
418,Sy's Challah,active dry yeast
419,Onion Bread I,salt
420,Grandma VanDoren's White Bread,white sugar
421,Italian Bread I,baking soda
422,Sunday Dinner Rolls,egg
423,Banana Wheat Bread,mash banana
424,Banana Bread,egg
425,Candied Fruit Bread,white sugar
426,Nut and Fruit Bread,chopped walnut
427,Mother's Banana Bread,white sugar
428,Pumpernickel Bread I,rye flour
429,Buttermilk Bread I,bread flour
430,Sun Dried Tomato Focaccia,salt
431,Michell Jenny's Challah,butter
432,Potato Bread I,white sugar
433,Delicious Pumpkin Bread,ground nutmeg
434,Mom's Zucchini Bread,ground cinnamon
435,Cinnamon Cranraisin Bread,dry milk powder
436,Molasses-Oat Bran Bread,molasses
437,Fabulous Homemade Bread,quick cooking oat
438,Persimmon Bread I,vegetable oil
439,Cinnamon Carrot Bread,baking powder
440,Strawberry Bread II,baking powder
441,Alienated Blueberry Muffins,salt
442,Yummy Lemon Bread,all-purpose flour
443,Nick's Favorite Cherry Pecan Bread,baking soda
444,Swedish Rye Bread I,bread flour
445,Bran Muffins I,white sugar
446,Zucchini Walnut Bread,all-purpose flour
447,Apricot Nut Bread,sift all-purpose flour
448,Babka I,egg
449,Brazilian Banana Bread,baking powder
450,Easy Banana Bread,vanilla extract
451,Banana Oat Muffins,baking soda
452,Canadian Doughnuts,warm water
454,Beer Biscuits,beer
455,Cardamom Bread,canola oil
456,Three C Bread,white sugar
457,Grandma Cornish's Whole Wheat Potato Bread,shorten
458,Chocolate Bread,bread flour
459,Strawberry Rhubarb Muffins,baking soda
460,Poppy Seed Bread I,vegetable oil
461,Zucchini Bread,grate zucchini
462,Honey Wheat Bread I,water
463,Honey White Bread,salt
464,Mom's Hazelnut Special,warm water
465,Quick Lemon Poppy Seed Bread,water
466,Maple Zucchini Bread,maple flavor extract
467,Chocolate Chip Orange Zucchini Bread,grate zucchini
468,Chocolate Chip Pumpkin Bread,egg
469,Red Pepper Biscuits,shred cheddar cheese
470,Chocolate Wave Zucchini Bread,water
471,Wheat and Barley Bread,baking soda
472,Tomato Bread I,honey
473,Zucchini Bread II,vanilla extract
474,Mall Pretzels,all-purpose flour
475,Soft Pretzels I,all-purpose flour
476,Sweet Potato Rolls,margarine
477,Tea Biscuits,milk
478,Cheddar Biscuits,margarine
479,Cottage Dill Bread,white sugar
480,English Muffin Loaves,baking soda
481,Parmesan Focaccia Bread,lecithin
482,Darbey Bread,italian season
483,Nonfat Sour Cream Cake Bread,skim milk
484,Coconut Bread I,self-rising flour
485,Irish Soda Bread I,salt
486,Ciabatta,bread flour
487,Lower Fat Banana Nut Bread,baking powder
488,Orange Nut Bread,vanilla extract
489,Poppy Seed Bread II,milk
490,Oatmeal Chocolate Chip Muffins,packed brown sugar
491,Lower Fat Banana Bread I,water
492,Sourdough Bread II,white sugar
493,Parmesan Herb Bread,active dry yeast
494,Simple Banana Bread,baking powder
495,Unbelievable Rolls,egg
496,Pecan Sticky Buns,all-purpose flour
497,Challah I,egg
498,Tasty Buns,vegetable oil
499,Breakfast Muffins,milk
500,"Basil, Roasted Peppers and Monterey Jack Cornbread",baking powder
502,Mom's Yeast Rolls,active dry yeast
503,Sweet Potato Bread I,salt
504,Orange Buns,white sugar
505,Cornish Splits,butter
506,Jalapeno Cheese Bread,hot water
507,Dee's Health Bread,molasses
508,Oatmeal Bread I,active dry yeast
509,Strawberry Bread I,egg
510,Sun Dried Tomato and Asiago Cheese Bread,salt
511,Hawaiian Sweet Bread,dry potato flake
512,The Best Corn Bread You'll Ever Eat,sour cream
513,No Knead Refrigerator Rolls,all-purpose flour
515,Sourdough Bread I,bread flour
516,Dilly Bread,white sugar
517,Pumpkin Bread I,ground cinnamon
518,Sy's Challah,egg
519,Onion Bread I,margarine
520,Grandma VanDoren's White Bread,bread flour
521,Italian Bread I,salt
522,Sunday Dinner Rolls,warm water
523,Banana Wheat Bread,vegetable oil
524,Banana Bread,butter
525,Candied Fruit Bread,chopped candy citron
526,Nut and Fruit Bread,raisin
527,Mother's Banana Bread,butter
528,Pumpernickel Bread I,cornmeal
529,Buttermilk Bread I,whole wheat flour
530,Sun Dried Tomato Focaccia,margarine
531,Michell Jenny's Challah,all-purpose flour
532,Potato Bread I,dry milk powder
533,Delicious Pumpkin Bread,ground cinnamon
534,Mom's Zucchini Bread,egg
535,Cinnamon Cranraisin Bread,white sugar
536,Molasses-Oat Bran Bread,oat bran
537,Fabulous Homemade Bread,whole wheat flour
538,Persimmon Bread I,ground cinnamon
539,Cinnamon Carrot Bread,baking soda
540,Strawberry Bread II,baking soda
541,Alienated Blueberry Muffins,margarine
542,Yummy Lemon Bread,baking powder
543,Nick's Favorite Cherry Pecan Bread,salt
544,Swedish Rye Bread I,molasses
545,Bran Muffins I,egg
546,Zucchini Walnut Bread,baking soda
547,Apricot Nut Bread,baking powder
548,Babka I,egg yolk
549,Brazilian Banana Bread,milk
550,Easy Banana Bread,all-purpose flour
551,Banana Oat Muffins,salt
552,Canadian Doughnuts,salt
555,Cardamom Bread,bread flour
556,Three C Bread,baking powder
557,Grandma Cornish's Whole Wheat Potato Bread,salt
558,Chocolate Bread,white sugar
559,Strawberry Rhubarb Muffins,ground allspice
560,Poppy Seed Bread I,white sugar
561,Zucchini Bread,semisweet chocolate chip
562,Honey Wheat Bread I,melt shorten
563,Honey White Bread,vitamin c powder
564,Mom's Hazelnut Special,sesame seed
565,Quick Lemon Poppy Seed Bread,poppy seed
566,Maple Zucchini Bread,all-purpose flour
567,Chocolate Chip Orange Zucchini Bread,chopped walnut
568,Chocolate Chip Pumpkin Bread,all-purpose flour
569,Red Pepper Biscuits,butter
570,Chocolate Wave Zucchini Bread,vanilla extract
571,Wheat and Barley Bread,salt
572,Tomato Bread I,chopped fresh parsley
573,Zucchini Bread II,all-purpose flour
574,Mall Pretzels,bread flour
575,Soft Pretzels I,active dry yeast
576,Sweet Potato Rolls,salt
578,Cheddar Biscuits,dry parsley
579,Cottage Dill Bread,dry milk powder
580,English Muffin Loaves,water
581,Parmesan Focaccia Bread,bread machine yeast
583,Nonfat Sour Cream Cake Bread,vanilla extract
584,Coconut Bread I,sour cream
585,Irish Soda Bread I,egg
586,Ciabatta,bread :
587,Lower Fat Banana Nut Bread,baking soda
588,Orange Nut Bread,egg
589,Poppy Seed Bread II,vegetable oil
590,Oatmeal Chocolate Chip Muffins,semisweet chocolate chip
591,Lower Fat Banana Bread I,all-purpose flour
592,Sourdough Bread II,salt
593,Parmesan Herb Bread,grate parmesan cheese
594,Simple Banana Bread,salt
595,Unbelievable Rolls,active dry yeast
596,Pecan Sticky Buns,margarine
597,Challah I,salt
598,Tasty Buns,white sugar
599,Breakfast Muffins,egg
600,"Basil, Roasted Peppers and Monterey Jack Cornbread",salt
602,Mom's Yeast Rolls,all-purpose flour
603,Sweet Potato Bread I,ground cinnamon
604,Orange Buns,egg
606,Jalapeno Cheese Bread,active dry yeast
607,Dee's Health Bread,vegetable oil
608,Oatmeal Bread I,lukewarm water
609,Strawberry Bread I,vegetable oil
610,Sun Dried Tomato and Asiago Cheese Bread,bread flour
611,Hawaiian Sweet Bread,active dry yeast
613,No Knead Refrigerator Rolls,egg
616,Dilly Bread,dill seed
617,Pumpkin Bread I,pumpkin pie spice
618,Sy's Challah,all-purpose flour
619,Onion Bread I,all-purpose flour
621,Italian Bread I,dry rosemary
622,Sunday Dinner Rolls,vegetable oil
623,Banana Wheat Bread,honey
624,Banana Bread,banana
625,Candied Fruit Bread,currant
626,Nut and Fruit Bread,orange zest
627,Mother's Banana Bread,egg
628,Pumpernickel Bread I,salt
629,Buttermilk Bread I,active dry yeast
630,Sun Dried Tomato Focaccia,active dry yeast
631,Michell Jenny's Challah,active dry yeast
632,Potato Bread I,salt
633,Delicious Pumpkin Bread,pack pumpkin puree
634,Mom's Zucchini Bread,vegetable oil
635,Cinnamon Cranraisin Bread,ground cinnamon
636,Molasses-Oat Bran Bread,whole wheat flour
637,Fabulous Homemade Bread,warm water
638,Persimmon Bread I,persimmon pulp
639,Cinnamon Carrot Bread,ground cinnamon
640,Strawberry Bread II,almond extract
641,Alienated Blueberry Muffins,white sugar
642,Yummy Lemon Bread,grate lemon zest
643,Nick's Favorite Cherry Pecan Bread,vanilla extract
644,Swedish Rye Bread I,packed brown sugar
645,Bran Muffins I,buttermilk
646,Zucchini Walnut Bread,salt
647,Apricot Nut Bread,baking soda
648,Babka I,white sugar
649,Brazilian Banana Bread,egg white
650,Easy Banana Bread,baking soda
651,Banana Oat Muffins,egg
652,Canadian Doughnuts,white sugar
655,Cardamom Bread,ground cardamom
656,Three C Bread,baking soda
657,Grandma Cornish's Whole Wheat Potato Bread,warm milk
658,Chocolate Bread,unsweetened cocoa powder
659,Strawberry Rhubarb Muffins,chopped rhubarb
660,Poppy Seed Bread I,baking soda
661,Zucchini Bread,ground cinnamon
662,Honey Wheat Bread I,honey
663,Honey White Bread,ground ginger
664,Mom's Hazelnut Special,sunflower seed
666,Maple Zucchini Bread,wheat germ
667,Chocolate Chip Orange Zucchini Bread,semisweet chocolate chip
668,Chocolate Chip Pumpkin Bread,ground cinnamon
670,Chocolate Wave Zucchini Bread,all-purpose flour
671,Wheat and Barley Bread,all-purpose flour
672,Tomato Bread I,chopped green onion
673,Zucchini Bread II,ground cinnamon
674,Mall Pretzels,warm water
675,Soft Pretzels I,water
676,Sweet Potato Rolls,egg
678,Cheddar Biscuits,garlic salt
679,Cottage Dill Bread,dry mince onion
680,English Muffin Loaves,salt
681,Parmesan Focaccia Bread,olive oil
683,Nonfat Sour Cream Cake Bread,unbleached all-purpose flour
684,Coconut Bread I,flake coconut
685,Irish Soda Bread I,sour cream
686,Ciabatta,active dry yeast
687,Lower Fat Banana Nut Bread,ripe banana
688,Orange Nut Bread,all-purpose flour
689,Poppy Seed Bread II,white sugar
690,Oatmeal Chocolate Chip Muffins,chopped pecan
691,Lower Fat Banana Bread I,baking soda
692,Sourdough Bread II,active dry yeast
693,Parmesan Herb Bread,all-purpose flour
694,Simple Banana Bread,chopped walnut
695,Unbelievable Rolls,all-purpose flour
696,Pecan Sticky Buns,white sugar
697,Challah I,unbleached all-purpose flour
698,Tasty Buns,salt
699,Breakfast Muffins,butter
700,"Basil, Roasted Peppers and Monterey Jack Cornbread",baking soda
702,Mom's Yeast Rolls,egg
703,Sweet Potato Bread I,ground nutmeg
704,Orange Buns,orange juice
706,Jalapeno Cheese Bread,vegetable oil
707,Dee's Health Bread,egg
708,Oatmeal Bread I,whole wheat flour
709,Strawberry Bread I,chopped pecan
710,Sun Dried Tomato and Asiago Cheese Bread,amaranth flour
711,Hawaiian Sweet Bread,vanilla extract
716,Dilly Bread,dry mince onion
717,Pumpkin Bread I,applesauce
718,Sy's Challah,egg
719,Onion Bread I,onion soup mix
721,Italian Bread I,dry parsley
722,Sunday Dinner Rolls,salt
723,Banana Wheat Bread,egg
725,Candied Fruit Bread,chopped candy cherry
726,Nut and Fruit Bread,egg
727,Mother's Banana Bread,mash banana
728,Pumpernickel Bread I,active dry yeast
730,Sun Dried Tomato Focaccia,chopped sun-dried tomato
732,Potato Bread I,bread flour
733,Delicious Pumpkin Bread,water
734,Mom's Zucchini Bread,white sugar
735,Cinnamon Cranraisin Bread,vanilla extract
736,Molasses-Oat Bran Bread,salt
737,Fabulous Homemade Bread,salt
738,Persimmon Bread I,chopped walnut
739,Cinnamon Carrot Bread,egg
740,Strawberry Bread II,strawberry - thawed
741,Alienated Blueberry Muffins,egg
742,Yummy Lemon Bread,chopped walnut
743,Nick's Favorite Cherry Pecan Bread,all-purpose flour
744,Swedish Rye Bread I,melt shorten
745,Bran Muffins I,all-purpose flour
746,Zucchini Walnut Bread,ground cinnamon
747,Apricot Nut Bread,salt
748,Babka I,salt
749,Brazilian Banana Bread,banana
750,Easy Banana Bread,salt
751,Banana Oat Muffins,milk
752,Canadian Doughnuts,all-purpose flour
755,Cardamom Bread,white sugar
756,Three C Bread,ground cinnamon
757,Grandma Cornish's Whole Wheat Potato Bread,active dry yeast
759,Strawberry Rhubarb Muffins,water
760,Poppy Seed Bread I,vanilla extract
761,Zucchini Bread,baking soda
762,Honey Wheat Bread I,salt
763,Honey White Bread,active dry yeast
764,Mom's Hazelnut Special,chopped hazelnut
766,Maple Zucchini Bread,baking soda
767,Chocolate Chip Orange Zucchini Bread,orange zest
768,Chocolate Chip Pumpkin Bread,ground nutmeg
770,Chocolate Wave Zucchini Bread,baking soda
771,Wheat and Barley Bread,melt shorten
772,Tomato Bread I,clove garlic
773,Zucchini Bread II,baking powder
774,Mall Pretzels,baking soda
775,Soft Pretzels I,baking soda
776,Sweet Potato Rolls,all-purpose flour
779,Cottage Dill Bread,dill seed
780,English Muffin Loaves,cornmeal
781,Parmesan Focaccia Bread,dry oregano
783,Nonfat Sour Cream Cake Bread,active dry yeast
784,Coconut Bread I,confectioner ' sugar
785,Irish Soda Bread I,raisin
786,Ciabatta,warm milk
787,Lower Fat Banana Nut Bread,reduce fat margarine
788,Orange Nut Bread,salt
789,Poppy Seed Bread II,poppy seed
790,Oatmeal Chocolate Chip Muffins,all-purpose flour
791,Lower Fat Banana Bread I,salt
792,Sourdough Bread II,warm water
793,Parmesan Herb Bread,salt
795,Unbelievable Rolls,margarine
796,Pecan Sticky Buns,baking powder
797,Challah I,poppy seed
799,Breakfast Muffins,fresh blueberry
800,"Basil, Roasted Peppers and Monterey Jack Cornbread",buttermilk
803,Sweet Potato Bread I,water
804,Orange Buns,orange zest
807,Dee's Health Bread,lemon juice
808,Oatmeal Bread I,bread flour
809,Strawberry Bread I,package frozen strawberry
810,Sun Dried Tomato and Asiago Cheese Bread,chopped sun-dried tomato
811,Hawaiian Sweet Bread,lemon extract
816,Dilly Bread,salt
817,Pumpkin Bread I,egg
818,Sy's Challah,poppy seed
821,Italian Bread I,sharp cheddar cheese
822,Sunday Dinner Rolls,all-purpose flour
823,Banana Wheat Bread,vanilla extract
825,Candied Fruit Bread,candy lemon peel
826,Nut and Fruit Bread,milk
827,Mother's Banana Bread,chopped walnut
828,Pumpernickel Bread I,unsweetened cocoa powder
830,Sun Dried Tomato Focaccia,olive oil
832,Potato Bread I,active dry yeast
833,Delicious Pumpkin Bread,vegetable oil
834,Mom's Zucchini Bread,vanilla extract
835,Cinnamon Cranraisin Bread,salt
836,Molasses-Oat Bran Bread,oat bran
837,Fabulous Homemade Bread,brown sugar
838,Persimmon Bread I,baking soda
839,Cinnamon Carrot Bread,salt
841,Alienated Blueberry Muffins,vanilla extract
842,Yummy Lemon Bread,lemon juice
843,Nick's Favorite Cherry Pecan Bread,jar maraschino cherry
844,Swedish Rye Bread I,rye flour
845,Bran Muffins I,baking soda
846,Zucchini Walnut Bread,baking powder
847,Apricot Nut Bread,chopped walnut
848,Babka I,vanilla extract
849,Brazilian Banana Bread,white sugar
851,Banana Oat Muffins,vegetable oil
852,Canadian Doughnuts,whole wheat flour
855,Cardamom Bread,active dry yeast
856,Three C Bread,salt
857,Grandma Cornish's Whole Wheat Potato Bread,warm water
859,Strawberry Rhubarb Muffins,honey
860,Poppy Seed Bread I,milk
861,Zucchini Bread,baking powder
862,Honey Wheat Bread I,whole wheat flour
864,Mom's Hazelnut Special,white sugar
866,Maple Zucchini Bread,salt
867,Chocolate Chip Orange Zucchini Bread,all-purpose flour
868,Chocolate Chip Pumpkin Bread,baking soda
870,Chocolate Wave Zucchini Bread,salt
872,Tomato Bread I,carrot
873,Zucchini Bread II,baking soda
874,Mall Pretzels,butter
875,Soft Pretzels I,kosher salt
879,Cottage Dill Bread,salt
881,Parmesan Focaccia Bread,olive oil
884,Coconut Bread I,milk
886,Ciabatta,warm water
887,Lower Fat Banana Nut Bread,vanilla extract
888,Orange Nut Bread,baking powder
889,Poppy Seed Bread II,vanilla extract
890,Oatmeal Chocolate Chip Muffins,baking powder
891,Lower Fat Banana Bread I,baking powder
892,Sourdough Bread II,sourdough starter
893,Parmesan Herb Bread,grate parmesan cheese
896,Pecan Sticky Buns,salt
900,"Basil, Roasted Peppers and Monterey Jack Cornbread",egg
903,Sweet Potato Bread I,mash sweet potato
904,Orange Buns,salt
907,Dee's Health Bread,whole wheat flour
908,Oatmeal Bread I,egg
910,Sun Dried Tomato and Asiago Cheese Bread,grate asiago cheese
911,Hawaiian Sweet Bread,egg
916,Dilly Bread,baking soda
917,Pumpkin Bread I,pumpkin puree
921,Italian Bread I,chopped green onion
923,Banana Wheat Bread,chopped pecan
925,Candied Fruit Bread,chopped blanch almond
926,Nut and Fruit Bread,butter
930,Sun Dried Tomato Focaccia,parmesan cheese
933,Delicious Pumpkin Bread,egg
934,Mom's Zucchini Bread,grate zucchini
935,Cinnamon Cranraisin Bread,active dry yeast
937,Fabulous Homemade Bread,vegetable oil
938,Persimmon Bread I,raisin
939,Cinnamon Carrot Bread,grate carrot
941,Alienated Blueberry Muffins,milk
942,Yummy Lemon Bread,confectioner ' sugar
943,Nick's Favorite Cherry Pecan Bread,chopped pecan
945,Bran Muffins I,salt
946,Zucchini Walnut Bread,grate zucchini
948,Babka I,orange liqueur
949,Brazilian Banana Bread,ground cinnamon
951,Banana Oat Muffins,vanilla extract
952,Canadian Doughnuts,lemon juice
956,Three C Bread,grate carrot
957,Grandma Cornish's Whole Wheat Potato Bread,white sugar
959,Strawberry Rhubarb Muffins,vegetable oil
961,Zucchini Bread,sour cream
962,Honey Wheat Bread I,bread flour
964,Mom's Hazelnut Special,vegetable oil
966,Maple Zucchini Bread,baking powder
967,Chocolate Chip Orange Zucchini Bread,baking powder
968,Chocolate Chip Pumpkin Bread,salt
970,Chocolate Wave Zucchini Bread,baking powder
972,Tomato Bread I,salt
973,Zucchini Bread II,salt
974,Mall Pretzels,coarse kosher salt
979,Cottage Dill Bread,active dry yeast
981,Parmesan Focaccia Bread,grate parmesan cheese
986,Ciabatta,olive oil
987,Lower Fat Banana Nut Bread,salt
988,Orange Nut Bread,baking soda
989,Poppy Seed Bread II,lemon extract
990,Oatmeal Chocolate Chip Muffins,salt
992,Sourdough Bread II,white sugar
996,Pecan Sticky Buns,butter
1000,"Basil, Roasted Peppers and Monterey Jack Cornbread",shred pepperjack cheese
1003,Sweet Potato Bread I,chopped pecan
1007,Dee's Health Bread,flax seed
1010,Sun Dried Tomato and Asiago Cheese Bread,dry basil
1011,Hawaiian Sweet Bread,margarine
1016,Dilly Bread,egg
1017,Pumpkin Bread I,water
1021,Italian Bread I,egg
1025,Candied Fruit Bread,chopped pecan
1030,Sun Dried Tomato Focaccia,dry rosemary
1033,Delicious Pumpkin Bread,chopped walnut
1034,Mom's Zucchini Bread,chopped walnut
1035,Cinnamon Cranraisin Bread,sweeten dry cranberry
1037,Fabulous Homemade Bread,bread flour
1039,Cinnamon Carrot Bread,chopped pecan
1046,Zucchini Walnut Bread,raisin
1048,Babka I,grate orange zest
1051,Banana Oat Muffins,mash banana
1052,Canadian Doughnuts,white sugar
1056,Three C Bread,package flake coconut
1057,Grandma Cornish's Whole Wheat Potato Bread,whole wheat flour
1059,Strawberry Rhubarb Muffins,egg
1062,Honey Wheat Bread I,butter
1064,Mom's Hazelnut Special,salt
1066,Maple Zucchini Bread,grate zucchini
1067,Chocolate Chip Orange Zucchini Bread,baking soda
1068,Chocolate Chip Pumpkin Bread,semisweet chocolate chip
1070,Chocolate Wave Zucchini Bread,pumpkin pie spice
1072,Tomato Bread I,bread flour
1073,Zucchini Bread II,raisin
1086,Ciabatta,bread flour
1087,Lower Fat Banana Nut Bread,light brown sugar
1088,Orange Nut Bread,white sugar
1089,Poppy Seed Bread II,butter flavor extract
1092,Sourdough Bread II,salt
1096,Pecan Sticky Buns,white sugar
1100,"Basil, Roasted Peppers and Monterey Jack Cornbread",frozen corn kernel
1107,Dee's Health Bread,crack wheat
1110,Sun Dried Tomato and Asiago Cheese Bread,ground black pepper
1116,Dilly Bread,all-purpose flour
1117,Pumpkin Bread I,chopped walnut
1121,Italian Bread I,buttermilk
1125,Candied Fruit Bread,milk
1130,Sun Dried Tomato Focaccia,garlic salt
1139,Cinnamon Carrot Bread,vanilla extract
1146,Zucchini Walnut Bread,vanilla extract
1148,Babka I,grate lemon zest
1152,Canadian Doughnuts,ground cinnamon
1156,Three C Bread,maraschino cherry
1159,Strawberry Rhubarb Muffins,chopped strawberry
1166,Maple Zucchini Bread,chopped walnut
1167,Chocolate Chip Orange Zucchini Bread,salt
1168,Chocolate Chip Pumpkin Bread,chopped walnut
1170,Chocolate Wave Zucchini Bread,chopped walnut
1173,Zucchini Bread II,chopped walnut
1186,Ciabatta,salt
1187,Lower Fat Banana Nut Bread,unbleached all-purpose flour
1188,Orange Nut Bread,chopped walnut
1189,Poppy Seed Bread II,orange juice
1192,Sourdough Bread II,baking soda
1196,Pecan Sticky Buns,ground cinnamon
1200,"Basil, Roasted Peppers and Monterey Jack Cornbread",red bell pepper
1207,Dee's Health Bread,sunflower seed
1210,Sun Dried Tomato and Asiago Cheese Bread,active dry yeast
1216,Dilly Bread,margarine
1221,Italian Bread I,olive oil
1225,Candied Fruit Bread,egg
1230,Sun Dried Tomato Focaccia,shred mozzarella cheese
1248,Babka I,all-purpose flour
1256,Three C Bread,raisin
1267,Chocolate Chip Orange Zucchini Bread,ground cinnamon
1270,Chocolate Wave Zucchini Bread,unsweetened cocoa powder
1289,Poppy Seed Bread II,confectioner ' sugar
1292,Sourdough Bread II,bread flour
1296,Pecan Sticky Buns,chopped pecan
